text,label
Chennai,DATE
Google,COMPANY
Hyderabad,COMPANY
Infosys,DATE
Hyderabad,DATE
Aetna,COUNTRY
TCS,CITY
2021,JOB_TITLE
Infosys,COMPANY
TCS,CITY
Chennai,DATE
Wells Fargo,JOB_TITLE
Pune,DATE
Mumbai,DATE
Chennai,JOB_TITLE
Google,COMPANY
Senior Java Developer,DATE
Aetna,DATE
Full Stack Developer,DATE
2022,JOB_TITLE
USA,JOB_TITLE
Wells Fargo,CITY
Wells Fargo,DATE
Mumbai,DATE
Google,JOB_TITLE
Microsoft,CITY
Google,JOB_TITLE
Google,COUNTRY
Bangalore,COUNTRY
USA,CITY
2022,DATE
2022,CITY
Software Engineer,JOB_TITLE
USA,CITY
Microsoft,CITY
India,COMPANY
India,CITY
Microsoft,JOB_TITLE
USA,DATE
Google,COMPANY
Chennai,COMPANY
2021,COUNTRY
Hyderabad,COUNTRY
Full Stack Developer,COUNTRY
Full Stack Developer,COMPANY
Full Stack Developer,DATE
Full Stack Developer,JOB_TITLE
Wells Fargo,COMPANY
Full Stack Developer,DATE
Chennai,COUNTRY
Microsoft,JOB_TITLE
Backend Developer,DATE
Mumbai,CITY
Chennai,COMPANY
Amazon,CITY
USA,CITY
USA,DATE
Mumbai,COUNTRY
2022,JOB_TITLE
Amazon,DATE
Bangalore,DATE
Infosys,COMPANY
Backend Developer,COUNTRY
2020,JOB_TITLE
Full Stack Developer,DATE
Aetna,CITY
Senior Java Developer,COUNTRY
Full Stack Developer,JOB_TITLE
Senior Java Developer,COMPANY
USA,DATE
Pune,COUNTRY
Full Stack Developer,DATE
Chennai,COMPANY
Google,DATE
Chennai,JOB_TITLE
Software Engineer,CITY
Infosys,DATE
2021,DATE
Mumbai,COUNTRY
Pune,JOB_TITLE
Microsoft,JOB_TITLE
Backend Developer,DATE
2020,DATE
Microsoft,DATE
2021,CITY
Senior Java Developer,DATE
Google,COMPANY
Senior Java Developer,JOB_TITLE
Aetna,CITY
Chennai,JOB_TITLE
Google,JOB_TITLE
Amazon,JOB_TITLE
Google,JOB_TITLE
Pune,JOB_TITLE
2021,JOB_TITLE
Senior Java Developer,DATE
Pune,CITY
Backend Developer,COUNTRY
Software Engineer,JOB_TITLE
Aetna,DATE
Infosys,CITY
Amazon,JOB_TITLE
Google,CITY
Backend Developer,JOB_TITLE
Infosys,JOB_TITLE
Wells Fargo,COMPANY
Microsoft,CITY
Senior Java Developer,DATE
Infosys,JOB_TITLE
Bangalore,COUNTRY
Senior Java Developer,COMPANY
Microsoft,DATE
2020,COUNTRY
2021,COUNTRY
2022,COMPANY
Amazon,COUNTRY
Chennai,COUNTRY
Pune,COMPANY
2020,CITY
Infosys,COUNTRY
Senior Java Developer,COMPANY
Aetna,COUNTRY
Wells Fargo,COMPANY
Full Stack Developer,CITY
2022,DATE
Full Stack Developer,JOB_TITLE
2021,DATE
Aetna,COUNTRY
2021,CITY
Backend Developer,JOB_TITLE
Infosys,DATE
Wells Fargo,CITY
India,CITY
Backend Developer,JOB_TITLE
Backend Developer,JOB_TITLE
Hyderabad,COMPANY
Bangalore,CITY
Wells Fargo,JOB_TITLE
Amazon,COUNTRY
Infosys,COMPANY
Aetna,COUNTRY
Pune,CITY
Microsoft,CITY
Pune,COMPANY
USA,JOB_TITLE
Bangalore,DATE
Chennai,COMPANY
Microsoft,COMPANY
India,DATE
Mumbai,DATE
Infosys,JOB_TITLE
2020,COUNTRY
Microsoft,JOB_TITLE
Aetna,JOB_TITLE
Hyderabad,JOB_TITLE
Senior Java Developer,DATE
Full Stack Developer,DATE
Microsoft,CITY
India,COUNTRY
Full Stack Developer,CITY
2021,COMPANY
Senior Java Developer,CITY
Mumbai,DATE
Full Stack Developer,CITY
USA,CITY
TCS,COMPANY
Google,COMPANY
2022,COMPANY
Pune,COMPANY
2021,CITY
Senior Java Developer,JOB_TITLE
Senior Java Developer,JOB_TITLE
USA,CITY
2020,COUNTRY
TCS,COUNTRY
Microsoft,JOB_TITLE
Full Stack Developer,DATE
2020,COUNTRY
Aetna,COMPANY
Chennai,CITY
Full Stack Developer,COUNTRY
Pune,DATE
TCS,CITY
Google,COMPANY
Backend Developer,COMPANY
Bangalore,DATE
Amazon,COUNTRY
USA,COUNTRY
Google,DATE
Software Engineer,JOB_TITLE
Microsoft,JOB_TITLE
Bangalore,DATE
Backend Developer,DATE
2020,JOB_TITLE
India,COUNTRY
Aetna,DATE
Microsoft,CITY
Backend Developer,CITY
TCS,DATE
Wells Fargo,COUNTRY
Pune,COUNTRY
Google,COMPANY
India,COUNTRY
Pune,COUNTRY
Mumbai,DATE
2020,CITY
Hyderabad,COUNTRY
Software Engineer,JOB_TITLE
Hyderabad,COMPANY
Wells Fargo,DATE
Amazon,COMPANY
Mumbai,COUNTRY
Hyderabad,COUNTRY
Hyderabad,CITY
Infosys,JOB_TITLE
2022,COMPANY
2020,DATE
Infosys,COUNTRY
Mumbai,JOB_TITLE
Hyderabad,DATE
Senior Java Developer,DATE
Bangalore,CITY
Google,JOB_TITLE
Amazon,COUNTRY
India,COMPANY
2022,JOB_TITLE
Chennai,COMPANY
Software Engineer,DATE
Infosys,JOB_TITLE
India,COMPANY
Hyderabad,DATE
2022,DATE
Google,DATE
2020,CITY
USA,DATE
Microsoft,COMPANY
Bangalore,DATE
Wells Fargo,COUNTRY
Chennai,COMPANY
Hyderabad,DATE
Chennai,CITY
Microsoft,DATE
Microsoft,DATE
2020,COUNTRY
TCS,COUNTRY
Bangalore,COMPANY
Senior Java Developer,COMPANY
2021,JOB_TITLE
Mumbai,DATE
2021,DATE
Hyderabad,COMPANY
India,JOB_TITLE
Google,COMPANY
Bangalore,COMPANY
Bangalore,DATE
Chennai,CITY
Bangalore,COUNTRY
Backend Developer,COUNTRY
Full Stack Developer,COUNTRY
Backend Developer,CITY
Microsoft,COUNTRY
Microsoft,JOB_TITLE
Google,COMPANY
2021,DATE
Software Engineer,CITY
Senior Java Developer,COUNTRY
Aetna,DATE
Bangalore,CITY
Chennai,COUNTRY
2022,DATE
TCS,JOB_TITLE
Hyderabad,COMPANY
TCS,JOB_TITLE
Google,DATE
Microsoft,COUNTRY
Pune,COUNTRY
Pune,COMPANY
Infosys,COMPANY
Microsoft,COMPANY
Pune,COUNTRY
India,JOB_TITLE
Microsoft,COMPANY
India,COUNTRY
Software Engineer,COUNTRY
Infosys,DATE
Hyderabad,DATE
Google,DATE
Bangalore,COUNTRY
Google,JOB_TITLE
2020,COMPANY
Aetna,COMPANY
Full Stack Developer,JOB_TITLE
Senior Java Developer,JOB_TITLE
Pune,COUNTRY
Chennai,COMPANY
2022,CITY
Infosys,DATE
2020,COUNTRY
Google,COMPANY
TCS,DATE
Pune,COMPANY
TCS,COMPANY
Wells Fargo,COUNTRY
Backend Developer,JOB_TITLE
Bangalore,COUNTRY
Infosys,COMPANY
2022,COMPANY
TCS,COMPANY
2020,CITY
Chennai,DATE
Software Engineer,JOB_TITLE
USA,CITY
Aetna,JOB_TITLE
Wells Fargo,DATE
Senior Java Developer,COMPANY
Wells Fargo,DATE
Amazon,CITY
2021,COMPANY
Backend Developer,DATE
Full Stack Developer,JOB_TITLE
2021,DATE
2022,DATE
TCS,CITY
Full Stack Developer,COUNTRY
Microsoft,COMPANY
Wells Fargo,DATE
TCS,COUNTRY
Microsoft,COUNTRY
Infosys,CITY
Pune,DATE
Aetna,DATE
Aetna,CITY
Full Stack Developer,JOB_TITLE
Amazon,COUNTRY
Software Engineer,JOB_TITLE
Pune,COUNTRY
Aetna,DATE
2021,CITY
Amazon,COUNTRY
India,COUNTRY
Infosys,JOB_TITLE
USA,CITY
2020,DATE
Chennai,COUNTRY
Full Stack Developer,DATE
Hyderabad,COMPANY
Infosys,CITY
Bangalore,COMPANY
USA,JOB_TITLE
Chennai,CITY
Aetna,COMPANY
2021,COUNTRY
2022,DATE
2020,DATE
India,CITY
Senior Java Developer,COUNTRY
India,DATE
2022,COUNTRY
Mumbai,COMPANY
Microsoft,JOB_TITLE
Senior Java Developer,DATE
Backend Developer,COMPANY
Chennai,JOB_TITLE
Pune,COUNTRY
India,DATE
India,DATE
Backend Developer,JOB_TITLE
Mumbai,DATE
Bangalore,JOB_TITLE
Wells Fargo,JOB_TITLE
Aetna,DATE
TCS,JOB_TITLE
Wells Fargo,CITY
Wells Fargo,COMPANY
Hyderabad,COMPANY
Bangalore,DATE
Senior Java Developer,COMPANY
Full Stack Developer,CITY
Software Engineer,JOB_TITLE
Wells Fargo,COUNTRY
Backend Developer,DATE
Backend Developer,COMPANY
Software Engineer,CITY
Backend Developer,COUNTRY
Chennai,COUNTRY
Backend Developer,JOB_TITLE
India,COMPANY
Hyderabad,CITY
Hyderabad,DATE
Microsoft,JOB_TITLE
Microsoft,COMPANY
Chennai,COUNTRY
USA,COMPANY
2022,COMPANY
Pune,CITY
Amazon,DATE
Aetna,CITY
Pune,JOB_TITLE
Software Engineer,CITY
2022,COMPANY
Mumbai,COMPANY
Pune,COMPANY
Bangalore,COUNTRY
2021,COUNTRY
Infosys,CITY
Backend Developer,COMPANY
Microsoft,DATE
Aetna,CITY
Hyderabad,JOB_TITLE
2021,JOB_TITLE
Aetna,JOB_TITLE
Hyderabad,DATE
Pune,COMPANY
Backend Developer,CITY
Google,DATE
2021,JOB_TITLE
Wells Fargo,DATE
Wells Fargo,JOB_TITLE
Backend Developer,DATE
2021,JOB_TITLE
Senior Java Developer,JOB_TITLE
Wells Fargo,COMPANY
Hyderabad,JOB_TITLE
USA,COUNTRY
2021,JOB_TITLE
Mumbai,CITY
Microsoft,JOB_TITLE
India,DATE
Microsoft,CITY
Software Engineer,COMPANY
Microsoft,JOB_TITLE
2022,COMPANY
USA,COUNTRY
USA,DATE
2021,COMPANY
Chennai,CITY
Software Engineer,DATE
Pune,CITY
Mumbai,JOB_TITLE
Mumbai,CITY
2022,DATE
Software Engineer,JOB_TITLE
USA,COMPANY
Infosys,JOB_TITLE
Backend Developer,JOB_TITLE
Microsoft,CITY
2022,DATE
USA,DATE
Aetna,DATE
TCS,DATE
Google,DATE
2020,COMPANY
India,CITY
2020,CITY
Full Stack Developer,DATE
2021,COMPANY
Aetna,JOB_TITLE
Software Engineer,COUNTRY
Full Stack Developer,DATE
2020,COMPANY
Chennai,CITY
TCS,COUNTRY
USA,COUNTRY
Wells Fargo,CITY
Full Stack Developer,JOB_TITLE
USA,COMPANY
Bangalore,DATE
Full Stack Developer,DATE
Wells Fargo,JOB_TITLE
2020,JOB_TITLE
India,DATE
Pune,COMPANY
Wells Fargo,JOB_TITLE
Full Stack Developer,CITY
2022,CITY
2022,CITY
Amazon,COUNTRY
TCS,JOB_TITLE
Aetna,DATE
Wells Fargo,CITY
Microsoft,CITY
Aetna,COUNTRY
Software Engineer,CITY
Chennai,DATE
2020,DATE
2020,JOB_TITLE
Google,JOB_TITLE
Chennai,CITY
Aetna,COUNTRY
2021,COMPANY
Hyderabad,COUNTRY
2021,COUNTRY
Software Engineer,COUNTRY
Mumbai,COMPANY
Amazon,COMPANY
2022,CITY
Google,COMPANY
Amazon,COMPANY
Hyderabad,COUNTRY
USA,COMPANY
Microsoft,DATE
Chennai,CITY
Bangalore,COUNTRY
USA,CITY
Full Stack Developer,COUNTRY
Software Engineer,COUNTRY
India,DATE
Chennai,COUNTRY
Hyderabad,COUNTRY
Hyderabad,CITY
Google,JOB_TITLE
Chennai,DATE
Microsoft,JOB_TITLE
Software Engineer,CITY
2020,DATE
Backend Developer,JOB_TITLE
Chennai,COMPANY
USA,COUNTRY
Google,CITY
Chennai,COUNTRY
Microsoft,COUNTRY
USA,COUNTRY
Infosys,DATE
Backend Developer,COMPANY
Aetna,COUNTRY
Microsoft,COMPANY
Bangalore,JOB_TITLE
Wells Fargo,COUNTRY
Infosys,COUNTRY
USA,COMPANY
Software Engineer,CITY
USA,JOB_TITLE
Pune,CITY
USA,JOB_TITLE
Hyderabad,COMPANY
Amazon,DATE
USA,COMPANY
Backend Developer,JOB_TITLE
2021,CITY
Senior Java Developer,COMPANY
Senior Java Developer,JOB_TITLE
Senior Java Developer,COUNTRY
Microsoft,JOB_TITLE
Chennai,COUNTRY
Aetna,COUNTRY
Aetna,COUNTRY
Software Engineer,COMPANY
2022,COUNTRY
Full Stack Developer,CITY
Chennai,JOB_TITLE
Software Engineer,CITY
Microsoft,CITY
TCS,JOB_TITLE
Aetna,CITY
Microsoft,COUNTRY
Software Engineer,COMPANY
Microsoft,CITY
Amazon,JOB_TITLE
India,DATE
Google,JOB_TITLE
India,JOB_TITLE
Amazon,COMPANY
Amazon,COMPANY
Backend Developer,JOB_TITLE
2020,DATE
Infosys,JOB_TITLE
Backend Developer,DATE
2020,COUNTRY
2021,COMPANY
Aetna,COMPANY
2020,COMPANY
Software Engineer,JOB_TITLE
2020,COMPANY
Infosys,JOB_TITLE
Full Stack Developer,COUNTRY
Mumbai,COMPANY
Wells Fargo,JOB_TITLE
Infosys,COMPANY
2021,COUNTRY
Google,CITY
Microsoft,COMPANY
Backend Developer,DATE
Pune,COUNTRY
Chennai,JOB_TITLE
Bangalore,COUNTRY
India,DATE
Mumbai,COUNTRY
Chennai,DATE
Software Engineer,JOB_TITLE
Microsoft,CITY
Pune,COMPANY
Microsoft,JOB_TITLE
Microsoft,COMPANY
Mumbai,DATE
Full Stack Developer,COMPANY
Google,CITY
2020,CITY
Chennai,DATE
Google,COMPANY
Software Engineer,DATE
2022,CITY
2021,JOB_TITLE
Infosys,COMPANY
Mumbai,CITY
Google,CITY
USA,COUNTRY
Amazon,CITY
Hyderabad,DATE
Full Stack Developer,DATE
Aetna,COUNTRY
USA,DATE
2021,CITY
Pune,JOB_TITLE
Pune,COMPANY
Infosys,JOB_TITLE
Infosys,DATE
Hyderabad,DATE
Wells Fargo,CITY
TCS,JOB_TITLE
Mumbai,JOB_TITLE
Software Engineer,COMPANY
Wells Fargo,DATE
Software Engineer,CITY
Google,JOB_TITLE
Google,CITY
Amazon,CITY
Mumbai,COUNTRY
Aetna,JOB_TITLE
Software Engineer,COMPANY
Mumbai,JOB_TITLE
USA,CITY
Mumbai,COUNTRY
Pune,CITY
2021,COMPANY
India,JOB_TITLE
Bangalore,COUNTRY
Full Stack Developer,CITY
2020,DATE
2021,DATE
India,DATE
Hyderabad,JOB_TITLE
Full Stack Developer,DATE
2021,CITY
Backend Developer,COMPANY
2021,JOB_TITLE
Infosys,COUNTRY
Pune,CITY
Chennai,JOB_TITLE
TCS,JOB_TITLE
TCS,JOB_TITLE
Bangalore,COMPANY
India,CITY
India,COMPANY
Microsoft,COUNTRY
Chennai,CITY
Mumbai,DATE
Microsoft,COUNTRY
Bangalore,COMPANY
Chennai,COMPANY
TCS,CITY
Wells Fargo,DATE
Pune,CITY
Mumbai,JOB_TITLE
Chennai,DATE
Bangalore,COUNTRY
USA,COUNTRY
Pune,JOB_TITLE
2020,COMPANY
Full Stack Developer,COMPANY
Senior Java Developer,JOB_TITLE
Amazon,COMPANY
USA,COUNTRY
India,CITY
2021,COMPANY
Aetna,COMPANY
Wells Fargo,DATE
Backend Developer,COUNTRY
India,COMPANY
Amazon,CITY
Hyderabad,CITY
Full Stack Developer,DATE
Google,COUNTRY
Software Engineer,COUNTRY
Wells Fargo,COMPANY
Amazon,JOB_TITLE
Aetna,COMPANY
2021,COMPANY
Google,DATE
India,CITY
Bangalore,COMPANY
USA,COMPANY
Aetna,DATE
Bangalore,COMPANY
Backend Developer,DATE
Software Engineer,DATE
TCS,DATE
USA,COUNTRY
Mumbai,COUNTRY
Backend Developer,CITY
Senior Java Developer,COUNTRY
Hyderabad,DATE
2022,JOB_TITLE
TCS,DATE
2021,JOB_TITLE
Backend Developer,COUNTRY
Chennai,CITY
Aetna,DATE
Full Stack Developer,DATE
Full Stack Developer,DATE
Infosys,COMPANY
Backend Developer,COUNTRY
Hyderabad,COUNTRY
2020,COMPANY
Infosys,DATE
Wells Fargo,COUNTRY
2020,JOB_TITLE
Senior Java Developer,COUNTRY
India,COUNTRY
Pune,CITY
India,JOB_TITLE
Amazon,COMPANY
Google,DATE
Wells Fargo,JOB_TITLE
Infosys,COUNTRY
TCS,JOB_TITLE
Infosys,COMPANY
2021,DATE
Backend Developer,CITY
Chennai,DATE
Wells Fargo,COUNTRY
Aetna,CITY
Bangalore,CITY
2020,CITY
2020,DATE
Full Stack Developer,COMPANY
USA,JOB_TITLE
Full Stack Developer,JOB_TITLE
2021,COMPANY
Bangalore,JOB_TITLE
Pune,JOB_TITLE
2020,COMPANY
Microsoft,DATE
Backend Developer,DATE
Wells Fargo,DATE
Wells Fargo,COUNTRY
Infosys,CITY
2021,COMPANY
Wells Fargo,CITY
Backend Developer,CITY
Hyderabad,DATE
Backend Developer,DATE
TCS,CITY
Hyderabad,CITY
Mumbai,COMPANY
India,CITY
USA,JOB_TITLE
Amazon,DATE
Infosys,COUNTRY
Amazon,COUNTRY
USA,DATE
Hyderabad,CITY
Full Stack Developer,JOB_TITLE
Chennai,DATE
Wells Fargo,COMPANY
Senior Java Developer,DATE
Google,COUNTRY
Senior Java Developer,COMPANY
Chennai,DATE
Aetna,COUNTRY
Microsoft,COMPANY
Wells Fargo,DATE
Chennai,COUNTRY
Full Stack Developer,COMPANY
Mumbai,COUNTRY
Bangalore,COMPANY
Wells Fargo,JOB_TITLE
Infosys,JOB_TITLE
Mumbai,COMPANY
Google,DATE
Hyderabad,COUNTRY
Senior Java Developer,COUNTRY
Senior Java Developer,COUNTRY
Microsoft,DATE
Senior Java Developer,CITY
Hyderabad,DATE
Amazon,CITY
Hyderabad,CITY
Software Engineer,JOB_TITLE
2020,JOB_TITLE
Microsoft,CITY
TCS,DATE
Software Engineer,COMPANY
Google,DATE
Chennai,CITY
2021,CITY
Infosys,CITY
Infosys,JOB_TITLE
Aetna,CITY
Wells Fargo,CITY
Software Engineer,DATE
Senior Java Developer,DATE
Senior Java Developer,COUNTRY
2020,DATE
USA,COMPANY
Full Stack Developer,COMPANY
Mumbai,COUNTRY
Senior Java Developer,CITY
Amazon,COUNTRY
Aetna,JOB_TITLE
Microsoft,DATE
Pune,CITY
Mumbai,COUNTRY
Google,COUNTRY
Hyderabad,COMPANY
TCS,DATE
Senior Java Developer,COUNTRY
Pune,DATE
Google,COUNTRY
Aetna,COUNTRY
2021,CITY
India,JOB_TITLE
Microsoft,JOB_TITLE
2020,CITY
Mumbai,JOB_TITLE
Wells Fargo,COUNTRY
Aetna,DATE
Bangalore,DATE
Hyderabad,COMPANY
Wells Fargo,JOB_TITLE
Chennai,CITY
TCS,COUNTRY
Senior Java Developer,JOB_TITLE
USA,CITY
Pune,CITY
Senior Java Developer,JOB_TITLE
Software Engineer,COMPANY
Software Engineer,COMPANY
Hyderabad,JOB_TITLE
Pune,CITY
Pune,COMPANY
Software Engineer,DATE
USA,COMPANY
Aetna,COUNTRY
Infosys,CITY
India,DATE
Software Engineer,CITY
Wells Fargo,CITY
Full Stack Developer,CITY
2021,COMPANY
Pune,DATE
Infosys,COUNTRY
Wells Fargo,CITY
2021,COUNTRY
Google,COUNTRY
Google,COUNTRY
Bangalore,DATE
Backend Developer,DATE
Bangalore,COMPANY
2021,CITY
Chennai,COMPANY
Google,CITY
2021,CITY
Software Engineer,COMPANY
2020,CITY
Mumbai,DATE
Microsoft,DATE
Amazon,DATE
Infosys,COUNTRY
Amazon,JOB_TITLE
Microsoft,CITY
India,CITY
India,JOB_TITLE
Infosys,COUNTRY
Pune,COUNTRY
Wells Fargo,CITY
Hyderabad,CITY
India,JOB_TITLE
Senior Java Developer,JOB_TITLE
Infosys,JOB_TITLE
Hyderabad,COMPANY
Bangalore,COUNTRY
USA,COMPANY
Microsoft,DATE
Mumbai,DATE
Microsoft,JOB_TITLE
2021,JOB_TITLE
Google,JOB_TITLE
India,DATE
Software Engineer,CITY
TCS,COMPANY
Chennai,DATE
Wells Fargo,COMPANY
Google,CITY
Aetna,COMPANY
TCS,COUNTRY
Software Engineer,COMPANY
Software Engineer,COMPANY
India,COMPANY
2022,COMPANY
Hyderabad,COMPANY
Wells Fargo,JOB_TITLE
2022,COMPANY
Chennai,CITY
Full Stack Developer,JOB_TITLE
2020,COUNTRY
2020,CITY
Microsoft,CITY
India,CITY
Amazon,DATE
Mumbai,CITY
Wells Fargo,COMPANY
Infosys,COUNTRY
India,COUNTRY
Software Engineer,COMPANY
Pune,CITY
2020,DATE
Mumbai,COUNTRY
Mumbai,COUNTRY
Software Engineer,CITY
Mumbai,DATE
Wells Fargo,JOB_TITLE
2020,COUNTRY
Amazon,JOB_TITLE
Pune,JOB_TITLE
India,COUNTRY
2022,JOB_TITLE
2022,CITY
Amazon,COMPANY
USA,COMPANY
Senior Java Developer,DATE
Wells Fargo,DATE
Full Stack Developer,JOB_TITLE
2022,JOB_TITLE
Amazon,CITY
Bangalore,DATE
2020,DATE
Bangalore,CITY
India,CITY
USA,COUNTRY
Software Engineer,JOB_TITLE
Chennai,DATE
Mumbai,COMPANY
Hyderabad,COUNTRY
TCS,DATE
Pune,COMPANY
Chennai,COMPANY
Mumbai,COMPANY
Senior Java Developer,CITY
Aetna,DATE
2021,JOB_TITLE
TCS,DATE
2020,DATE
TCS,JOB_TITLE
Aetna,JOB_TITLE
Backend Developer,DATE
TCS,COUNTRY
2020,DATE
Amazon,COMPANY
USA,JOB_TITLE
Hyderabad,DATE
Full Stack Developer,CITY
USA,COMPANY
Wells Fargo,JOB_TITLE
Senior Java Developer,COMPANY
Software Engineer,CITY
2021,COUNTRY
Infosys,CITY
Backend Developer,CITY
Infosys,COUNTRY
Software Engineer,DATE
2022,COMPANY
Aetna,COMPANY
Full Stack Developer,DATE
Bangalore,DATE
Microsoft,COMPANY
Software Engineer,CITY
TCS,DATE
Chennai,CITY
Bangalore,JOB_TITLE
Bangalore,DATE
Chennai,COUNTRY
India,JOB_TITLE
Google,DATE
Bangalore,JOB_TITLE
Wells Fargo,JOB_TITLE
India,DATE
USA,COMPANY
Chennai,COMPANY
Wells Fargo,COUNTRY
2022,CITY
Backend Developer,DATE
Full Stack Developer,COUNTRY
Aetna,CITY
Pune,JOB_TITLE
2020,JOB_TITLE
2020,JOB_TITLE
India,DATE
Microsoft,CITY
Full Stack Developer,DATE
2021,CITY
