text,score
Worked on project,low
Architected distributed systems,high
Developed scalable microservices,high
Architected distributed systems,high
Developed scalable microservices,high
Architected distributed systems,high
Developed scalable microservices,high
Handled tasks,low
Handled tasks,low
Worked on project,low
Developed scalable microservices,high
Developed scalable microservices,high
Worked on project,low
Developed scalable microservices,high
Architected distributed systems,high
Architected distributed systems,high
Architected distributed systems,high
Handled tasks,low
Architected distributed systems,high
Developed scalable microservices,high
Architected distributed systems,high
Handled tasks,low
Worked on project,low
Worked on project,low
Developed scalable microservices,high
Developed scalable microservices,high
Developed scalable microservices,high
Architected distributed systems,high
Developed scalable microservices,high
Developed scalable microservices,high
Architected distributed systems,high
Handled tasks,low
Handled tasks,low
Architected distributed systems,high
Developed scalable microservices,high
Architected distributed systems,high
Developed scalable microservices,high
Developed scalable microservices,high
Developed scalable microservices,high
Architected distributed systems,high
Handled tasks,low
Architected distributed systems,high
Handled tasks,low
Architected distributed systems,high
Architected distributed systems,high
Worked on project,low
Handled tasks,low
Worked on project,low
Developed scalable microservices,high
Developed scalable microservices,high
Architected distributed systems,high
Handled tasks,low
Architected distributed systems,high
Developed scalable microservices,high
Handled tasks,low
Worked on project,low
Developed scalable microservices,high
Developed scalable microservices,high
Worked on project,low
Developed scalable microservices,high
Worked on project,low
Worked on project,low
Developed scalable microservices,high
Handled tasks,low
Handled tasks,low
Worked on project,low
Worked on project,low
Developed scalable microservices,high
Handled tasks,low
Architected distributed systems,high
Worked on project,low
Handled tasks,low
Developed scalable microservices,high
Architected distributed systems,high
Developed scalable microservices,high
Worked on project,low
Handled tasks,low
Developed scalable microservices,high
Architected distributed systems,high
Architected distributed systems,high
Architected distributed systems,high
Architected distributed systems,high
Architected distributed systems,high
Worked on project,low
Architected distributed systems,high
Architected distributed systems,high
Worked on project,low
Worked on project,low
Developed scalable microservices,high
Architected distributed systems,high
Developed scalable microservices,high
Handled tasks,low
Architected distributed systems,high
Handled tasks,low
Worked on project,low
Handled tasks,low
Handled tasks,low
Worked on project,low
Worked on project,low
Architected distributed systems,high
Developed scalable microservices,high
Architected distributed systems,high
Architected distributed systems,high
Developed scalable microservices,high
Worked on project,low
Handled tasks,low
Handled tasks,low
Worked on project,low
Worked on project,low
Architected distributed systems,high
Handled tasks,low
Worked on project,low
Handled tasks,low
Worked on project,low
Worked on project,low
Architected distributed systems,high
Developed scalable microservices,high
Worked on project,low
Worked on project,low
Worked on project,low
Developed scalable microservices,high
Developed scalable microservices,high
Worked on project,low
Developed scalable microservices,high
Handled tasks,low
Developed scalable microservices,high
Developed scalable microservices,high
Developed scalable microservices,high
Handled tasks,low
Handled tasks,low
Developed scalable microservices,high
Worked on project,low
Handled tasks,low
Architected distributed systems,high
Worked on project,low
Handled tasks,low
Worked on project,low
Architected distributed systems,high
Worked on project,low
Developed scalable microservices,high
Worked on project,low
Handled tasks,low
Architected distributed systems,high
Worked on project,low
Developed scalable microservices,high
Worked on project,low
Developed scalable microservices,high
Architected distributed systems,high
Handled tasks,low
Architected distributed systems,high
Architected distributed systems,high
Worked on project,low
Handled tasks,low
Architected distributed systems,high
Worked on project,low
Worked on project,low
Handled tasks,low
Worked on project,low
Architected distributed systems,high
Worked on project,low
Architected distributed systems,high
Developed scalable microservices,high
Handled tasks,low
Handled tasks,low
Developed scalable microservices,high
Handled tasks,low
Architected distributed systems,high
Worked on project,low
Handled tasks,low
Developed scalable microservices,high
Worked on project,low
Developed scalable microservices,high
Handled tasks,low
Architected distributed systems,high
Developed scalable microservices,high
Architected distributed systems,high
Worked on project,low
Architected distributed systems,high
Handled tasks,low
Architected distributed systems,high
Architected distributed systems,high
Developed scalable microservices,high
Handled tasks,low
Architected distributed systems,high
Worked on project,low
Handled tasks,low
Developed scalable microservices,high
Worked on project,low
Handled tasks,low
Worked on project,low
Architected distributed systems,high
Developed scalable microservices,high
Handled tasks,low
Worked on project,low
Handled tasks,low
Developed scalable microservices,high
Worked on project,low
Worked on project,low
Architected distributed systems,high
Developed scalable microservices,high
Worked on project,low
Handled tasks,low
Worked on project,low
Worked on project,low
Developed scalable microservices,high
Architected distributed systems,high
Worked on project,low
Developed scalable microservices,high
Handled tasks,low
Handled tasks,low
Worked on project,low
Worked on project,low
Architected distributed systems,high
Architected distributed systems,high
Architected distributed systems,high
Architected distributed systems,high
Handled tasks,low
Architected distributed systems,high
Developed scalable microservices,high
Developed scalable microservices,high
Architected distributed systems,high
Worked on project,low
Architected distributed systems,high
Worked on project,low
Handled tasks,low
Developed scalable microservices,high
Worked on project,low
Worked on project,low
Developed scalable microservices,high
Architected distributed systems,high
Developed scalable microservices,high
Developed scalable microservices,high
Developed scalable microservices,high
Handled tasks,low
Handled tasks,low
Handled tasks,low
Handled tasks,low
Worked on project,low
Worked on project,low
Developed scalable microservices,high
Handled tasks,low
Architected distributed systems,high
Architected distributed systems,high
Architected distributed systems,high
Architected distributed systems,high
Developed scalable microservices,high
Architected distributed systems,high
Handled tasks,low
Developed scalable microservices,high
Architected distributed systems,high
Architected distributed systems,high
Developed scalable microservices,high
Developed scalable microservices,high
Developed scalable microservices,high
Developed scalable microservices,high
Developed scalable microservices,high
Developed scalable microservices,high
Handled tasks,low
Developed scalable microservices,high
Worked on project,low
Architected distributed systems,high
Developed scalable microservices,high
Worked on project,low
Architected distributed systems,high
Handled tasks,low
Architected distributed systems,high
Developed scalable microservices,high
Architected distributed systems,high
Handled tasks,low
Handled tasks,low
Handled tasks,low
Handled tasks,low
Handled tasks,low
Developed scalable microservices,high
Architected distributed systems,high
Developed scalable microservices,high
Handled tasks,low
Handled tasks,low
Architected distributed systems,high
Developed scalable microservices,high
Handled tasks,low
Worked on project,low
Worked on project,low
Developed scalable microservices,high
Architected distributed systems,high
Handled tasks,low
Developed scalable microservices,high
Worked on project,low
Developed scalable microservices,high
Worked on project,low
Architected distributed systems,high
Handled tasks,low
Developed scalable microservices,high
Worked on project,low
Developed scalable microservices,high
Handled tasks,low
Handled tasks,low
Handled tasks,low
Architected distributed systems,high
Handled tasks,low
Architected distributed systems,high
Handled tasks,low
Worked on project,low
Handled tasks,low
Developed scalable microservices,high
Handled tasks,low
Architected distributed systems,high
Worked on project,low
Developed scalable microservices,high
Handled tasks,low
Worked on project,low
Developed scalable microservices,high
Architected distributed systems,high
Handled tasks,low
Architected distributed systems,high
Developed scalable microservices,high
Developed scalable microservices,high
Worked on project,low
Architected distributed systems,high
Worked on project,low
Worked on project,low
Architected distributed systems,high
Architected distributed systems,high
Developed scalable microservices,high
Developed scalable microservices,high
Developed scalable microservices,high
Developed scalable microservices,high
Architected distributed systems,high
Architected distributed systems,high
Handled tasks,low
Worked on project,low
Developed scalable microservices,high
Worked on project,low
Handled tasks,low
Worked on project,low
Developed scalable microservices,high
Worked on project,low
Developed scalable microservices,high
Developed scalable microservices,high
Architected distributed systems,high
Architected distributed systems,high
Handled tasks,low
Developed scalable microservices,high
Developed scalable microservices,high
Worked on project,low
Worked on project,low
Handled tasks,low
Developed scalable microservices,high
Architected distributed systems,high
Developed scalable microservices,high
Developed scalable microservices,high
Developed scalable microservices,high
Architected distributed systems,high
Handled tasks,low
Architected distributed systems,high
Worked on project,low
Architected distributed systems,high
Developed scalable microservices,high
Developed scalable microservices,high
Architected distributed systems,high
Architected distributed systems,high
Worked on project,low
Architected distributed systems,high
Developed scalable microservices,high
Developed scalable microservices,high
Worked on project,low
Architected distributed systems,high
Worked on project,low
Architected distributed systems,high
Architected distributed systems,high
Handled tasks,low
Developed scalable microservices,high
Developed scalable microservices,high
Developed scalable microservices,high
Architected distributed systems,high
Developed scalable microservices,high
Developed scalable microservices,high
Developed scalable microservices,high
Architected distributed systems,high
Developed scalable microservices,high
Worked on project,low
Worked on project,low
Worked on project,low
Handled tasks,low
Developed scalable microservices,high
Handled tasks,low
Handled tasks,low
Developed scalable microservices,high
Architected distributed systems,high
Handled tasks,low
Worked on project,low
Developed scalable microservices,high
Handled tasks,low
Handled tasks,low
Handled tasks,low
Worked on project,low
Developed scalable microservices,high
Architected distributed systems,high
Developed scalable microservices,high
Handled tasks,low
Handled tasks,low
Architected distributed systems,high
Handled tasks,low
Handled tasks,low
Handled tasks,low
Developed scalable microservices,high
Handled tasks,low
Handled tasks,low
Worked on project,low
Architected distributed systems,high
Architected distributed systems,high
Architected distributed systems,high
Handled tasks,low
Developed scalable microservices,high
Architected distributed systems,high
Handled tasks,low
Developed scalable microservices,high
Architected distributed systems,high
Architected distributed systems,high
Worked on project,low
Worked on project,low
Developed scalable microservices,high
Developed scalable microservices,high
Handled tasks,low
Worked on project,low
Developed scalable microservices,high
Worked on project,low
Worked on project,low
Architected distributed systems,high
Architected distributed systems,high
Handled tasks,low
Worked on project,low
Handled tasks,low
Developed scalable microservices,high
Architected distributed systems,high
Developed scalable microservices,high
Architected distributed systems,high
Worked on project,low
Developed scalable microservices,high
Architected distributed systems,high
Architected distributed systems,high
Worked on project,low
Worked on project,low
Developed scalable microservices,high
Architected distributed systems,high
Developed scalable microservices,high
Developed scalable microservices,high
Architected distributed systems,high
Developed scalable microservices,high
Worked on project,low
Worked on project,low
Worked on project,low
Architected distributed systems,high
Handled tasks,low
Architected distributed systems,high
Architected distributed systems,high
Handled tasks,low
Worked on project,low
Developed scalable microservices,high
Developed scalable microservices,high
Handled tasks,low
Architected distributed systems,high
Architected distributed systems,high
Developed scalable microservices,high
Developed scalable microservices,high
Handled tasks,low
Developed scalable microservices,high
Worked on project,low
Architected distributed systems,high
Developed scalable microservices,high
Handled tasks,low
Developed scalable microservices,high
Handled tasks,low
Architected distributed systems,high
Handled tasks,low
Handled tasks,low
Worked on project,low
Developed scalable microservices,high
Worked on project,low
Developed scalable microservices,high
Worked on project,low
Developed scalable microservices,high
Handled tasks,low
Architected distributed systems,high
Architected distributed systems,high
Architected distributed systems,high
Worked on project,low
Architected distributed systems,high
Developed scalable microservices,high
Worked on project,low
Handled tasks,low
Handled tasks,low
Worked on project,low
Worked on project,low
Handled tasks,low
Architected distributed systems,high
Worked on project,low
Handled tasks,low
Worked on project,low
Developed scalable microservices,high
Worked on project,low
Developed scalable microservices,high
Architected distributed systems,high
Developed scalable microservices,high
Handled tasks,low
Architected distributed systems,high
Developed scalable microservices,high
Architected distributed systems,high
Worked on project,low
Handled tasks,low
Handled tasks,low
Handled tasks,low
Worked on project,low
Developed scalable microservices,high
Architected distributed systems,high
Architected distributed systems,high
Worked on project,low
Developed scalable microservices,high
Worked on project,low
Worked on project,low
Developed scalable microservices,high
Developed scalable microservices,high
Handled tasks,low
Architected distributed systems,high
Handled tasks,low
Worked on project,low
Handled tasks,low
Worked on project,low
Handled tasks,low
Worked on project,low
Developed scalable microservices,high
Architected distributed systems,high
Handled tasks,low
Developed scalable microservices,high
Worked on project,low
Worked on project,low
Handled tasks,low
Handled tasks,low
Handled tasks,low
Architected distributed systems,high
Developed scalable microservices,high
Worked on project,low
Worked on project,low
Architected distributed systems,high
Worked on project,low
Handled tasks,low
Handled tasks,low
Worked on project,low
Architected distributed systems,high
Developed scalable microservices,high
Architected distributed systems,high
Worked on project,low
Architected distributed systems,high
Handled tasks,low
Architected distributed systems,high
Developed scalable microservices,high
Worked on project,low
Developed scalable microservices,high
Handled tasks,low
Architected distributed systems,high
Architected distributed systems,high
Handled tasks,low
Developed scalable microservices,high
Developed scalable microservices,high
Architected distributed systems,high
Worked on project,low
Architected distributed systems,high
Architected distributed systems,high
Developed scalable microservices,high
Developed scalable microservices,high
Developed scalable microservices,high
Handled tasks,low
Architected distributed systems,high
Architected distributed systems,high
Handled tasks,low
Handled tasks,low
Architected distributed systems,high
Developed scalable microservices,high
Developed scalable microservices,high
Worked on project,low
Developed scalable microservices,high
Worked on project,low
Worked on project,low
Worked on project,low
Developed scalable microservices,high
Worked on project,low
Architected distributed systems,high
Handled tasks,low
Developed scalable microservices,high
Worked on project,low
Handled tasks,low
Handled tasks,low
Architected distributed systems,high
Handled tasks,low
Worked on project,low
Worked on project,low
Handled tasks,low
Worked on project,low
Handled tasks,low
Handled tasks,low
Developed scalable microservices,high
Handled tasks,low
Developed scalable microservices,high
Worked on project,low
Architected distributed systems,high
Handled tasks,low
Worked on project,low
Worked on project,low
Worked on project,low
Handled tasks,low
Developed scalable microservices,high
Worked on project,low
Handled tasks,low
Developed scalable microservices,high
Worked on project,low
Architected distributed systems,high
Handled tasks,low
Developed scalable microservices,high
Worked on project,low
Developed scalable microservices,high
Developed scalable microservices,high
Developed scalable microservices,high
Handled tasks,low
Developed scalable microservices,high
Handled tasks,low
Architected distributed systems,high
Architected distributed systems,high
Developed scalable microservices,high
Developed scalable microservices,high
Worked on project,low
Handled tasks,low
Worked on project,low
Architected distributed systems,high
Worked on project,low
Architected distributed systems,high
Worked on project,low
Developed scalable microservices,high
Architected distributed systems,high
Developed scalable microservices,high
Developed scalable microservices,high
Handled tasks,low
Architected distributed systems,high
Architected distributed systems,high
Architected distributed systems,high
Handled tasks,low
Handled tasks,low
Worked on project,low
Developed scalable microservices,high
Handled tasks,low
Developed scalable microservices,high
Architected distributed systems,high
Handled tasks,low
Worked on project,low
Architected distributed systems,high
Handled tasks,low
Handled tasks,low
Developed scalable microservices,high
Developed scalable microservices,high
Worked on project,low
Developed scalable microservices,high
Architected distributed systems,high
Worked on project,low
Architected distributed systems,high
Handled tasks,low
Architected distributed systems,high
Developed scalable microservices,high
Handled tasks,low
Worked on project,low
Architected distributed systems,high
Worked on project,low
Handled tasks,low
Developed scalable microservices,high
Handled tasks,low
Worked on project,low
Handled tasks,low
Architected distributed systems,high
Worked on project,low
Handled tasks,low
Handled tasks,low
Handled tasks,low
Architected distributed systems,high
Worked on project,low
Worked on project,low
Handled tasks,low
Developed scalable microservices,high
Architected distributed systems,high
Developed scalable microservices,high
Developed scalable microservices,high
Handled tasks,low
Architected distributed systems,high
Architected distributed systems,high
Worked on project,low
Handled tasks,low
Handled tasks,low
Worked on project,low
Worked on project,low
Developed scalable microservices,high
Developed scalable microservices,high
Architected distributed systems,high
Handled tasks,low
Handled tasks,low
Worked on project,low
Developed scalable microservices,high
Handled tasks,low
Developed scalable microservices,high
Developed scalable microservices,high
Handled tasks,low
Handled tasks,low
Handled tasks,low
Developed scalable microservices,high
Architected distributed systems,high
Handled tasks,low
Architected distributed systems,high
Handled tasks,low
Developed scalable microservices,high
Handled tasks,low
Worked on project,low
Handled tasks,low
Architected distributed systems,high
Developed scalable microservices,high
Worked on project,low
Architected distributed systems,high
Developed scalable microservices,high
Handled tasks,low
Developed scalable microservices,high
Developed scalable microservices,high
Architected distributed systems,high
Developed scalable microservices,high
Architected distributed systems,high
Worked on project,low
Developed scalable microservices,high
Architected distributed systems,high
Developed scalable microservices,high
Worked on project,low
Architected distributed systems,high
Worked on project,low
Developed scalable microservices,high
Worked on project,low
Developed scalable microservices,high
Worked on project,low
Developed scalable microservices,high
Worked on project,low
Developed scalable microservices,high
Worked on project,low
Architected distributed systems,high
Architected distributed systems,high
Developed scalable microservices,high
Handled tasks,low
Architected distributed systems,high
Worked on project,low
Worked on project,low
Architected distributed systems,high
Worked on project,low
Architected distributed systems,high
Architected distributed systems,high
Handled tasks,low
Worked on project,low
Handled tasks,low
Developed scalable microservices,high
Developed scalable microservices,high
Worked on project,low
Architected distributed systems,high
Architected distributed systems,high
Developed scalable microservices,high
Architected distributed systems,high
Handled tasks,low
Handled tasks,low
Worked on project,low
Developed scalable microservices,high
Worked on project,low
Worked on project,low
Handled tasks,low
Architected distributed systems,high
Developed scalable microservices,high
Worked on project,low
Architected distributed systems,high
Developed scalable microservices,high
Architected distributed systems,high
Architected distributed systems,high
Worked on project,low
Architected distributed systems,high
Handled tasks,low
Worked on project,low
Developed scalable microservices,high
Handled tasks,low
Architected distributed systems,high
Worked on project,low
Handled tasks,low
Handled tasks,low
Developed scalable microservices,high
Architected distributed systems,high
Handled tasks,low
Developed scalable microservices,high
Architected distributed systems,high
Developed scalable microservices,high
Developed scalable microservices,high
Worked on project,low
Developed scalable microservices,high
Handled tasks,low
Developed scalable microservices,high
Architected distributed systems,high
Worked on project,low
Worked on project,low
Worked on project,low
Architected distributed systems,high
Handled tasks,low
Architected distributed systems,high
Worked on project,low
Architected distributed systems,high
Worked on project,low
Handled tasks,low
Handled tasks,low
Developed scalable microservices,high
Developed scalable microservices,high
Developed scalable microservices,high
Developed scalable microservices,high
Architected distributed systems,high
Developed scalable microservices,high
Developed scalable microservices,high
Worked on project,low
Architected distributed systems,high
Handled tasks,low
Architected distributed systems,high
Handled tasks,low
Handled tasks,low
Handled tasks,low
Handled tasks,low
Architected distributed systems,high
Developed scalable microservices,high
Handled tasks,low
Developed scalable microservices,high
Worked on project,low
Architected distributed systems,high
Architected distributed systems,high
Worked on project,low
Worked on project,low
Worked on project,low
Developed scalable microservices,high
Architected distributed systems,high
Architected distributed systems,high
Architected distributed systems,high
Developed scalable microservices,high
Developed scalable microservices,high
Handled tasks,low
Architected distributed systems,high
Architected distributed systems,high
Handled tasks,low
Handled tasks,low
Developed scalable microservices,high
Developed scalable microservices,high
Architected distributed systems,high
Handled tasks,low
Worked on project,low
Worked on project,low
Architected distributed systems,high
Handled tasks,low
Developed scalable microservices,high
Architected distributed systems,high
Developed scalable microservices,high
Developed scalable microservices,high
Handled tasks,low
Worked on project,low
Developed scalable microservices,high
Handled tasks,low
Handled tasks,low
Architected distributed systems,high
Worked on project,low
Developed scalable microservices,high
Architected distributed systems,high
Developed scalable microservices,high
Worked on project,low
Worked on project,low
Developed scalable microservices,high
Handled tasks,low
Architected distributed systems,high
Handled tasks,low
Handled tasks,low
Worked on project,low
Architected distributed systems,high
Worked on project,low
Handled tasks,low
Architected distributed systems,high
Developed scalable microservices,high
Handled tasks,low
Developed scalable microservices,high
Architected distributed systems,high
Worked on project,low
Worked on project,low
Architected distributed systems,high
Handled tasks,low
Worked on project,low
Handled tasks,low
Handled tasks,low
Worked on project,low
Handled tasks,low
Worked on project,low
Worked on project,low
Developed scalable microservices,high
Developed scalable microservices,high
Worked on project,low
Architected distributed systems,high
Worked on project,low
Handled tasks,low
Handled tasks,low
Architected distributed systems,high
Developed scalable microservices,high
Worked on project,low
Architected distributed systems,high
Developed scalable microservices,high
Worked on project,low
Handled tasks,low
Worked on project,low
Worked on project,low
Architected distributed systems,high
Worked on project,low
Handled tasks,low
Developed scalable microservices,high
Architected distributed systems,high
Developed scalable microservices,high
Architected distributed systems,high
Handled tasks,low
Architected distributed systems,high
Architected distributed systems,high
Developed scalable microservices,high
Architected distributed systems,high
Worked on project,low
Handled tasks,low
Handled tasks,low
Architected distributed systems,high
Worked on project,low
Handled tasks,low
Handled tasks,low
Developed scalable microservices,high
Architected distributed systems,high
Developed scalable microservices,high
Handled tasks,low
Handled tasks,low
Developed scalable microservices,high
Worked on project,low
Handled tasks,low
Architected distributed systems,high
Developed scalable microservices,high
Developed scalable microservices,high
Developed scalable microservices,high
Worked on project,low
Architected distributed systems,high
Worked on project,low
Architected distributed systems,high
Handled tasks,low
Developed scalable microservices,high
Handled tasks,low
Architected distributed systems,high
Worked on project,low
Worked on project,low
Handled tasks,low
Developed scalable microservices,high
Worked on project,low
Architected distributed systems,high
Handled tasks,low
Handled tasks,low
Handled tasks,low
Handled tasks,low
Developed scalable microservices,high
Developed scalable microservices,high
Worked on project,low
Developed scalable microservices,high
Handled tasks,low
Handled tasks,low
Architected distributed systems,high
Developed scalable microservices,high
Worked on project,low
Architected distributed systems,high
Developed scalable microservices,high
Worked on project,low
Worked on project,low
Worked on project,low
Worked on project,low
Developed scalable microservices,high
Worked on project,low
Worked on project,low
Developed scalable microservices,high
Architected distributed systems,high
Developed scalable microservices,high
Developed scalable microservices,high
Handled tasks,low
Architected distributed systems,high
Developed scalable microservices,high
Handled tasks,low
Architected distributed systems,high
Architected distributed systems,high
Architected distributed systems,high
Handled tasks,low
Developed scalable microservices,high
Worked on project,low
Handled tasks,low
Worked on project,low
Handled tasks,low
Handled tasks,low
Worked on project,low
Architected distributed systems,high
