raw_location,city,state,country
NYC,New York,NY,USA
Bangalore,Bangalore,Karnataka,India
Hyd,Hyderabad,Telangana,India
NYC,New York,NY,USA
Bangalore,Bangalore,Karnataka,India
Hyd,Hyderabad,Telangana,India
Hyd,Hyderabad,Telangana,India
Bangalore,Bangalore,Karnataka,India
NYC,New York,NY,USA
Hyd,Hyderabad,Telangana,India
NYC,New York,NY,USA
Hyd,Hyderabad,Telangana,India
Hyd,Hyderabad,Telangana,India
Bangalore,Bangalore,Karnataka,India
Hyd,Hyderabad,Telangana,India
NYC,New York,NY,USA
Bangalore,Bangalore,Karnataka,India
Hyd,Hyderabad,Telangana,India
Bangalore,Bangalore,Karnataka,India
NYC,New York,NY,USA
Bangalore,Bangalore,Karnataka,India
Hyd,Hyderabad,Telangana,India
NYC,New York,NY,USA
Hyd,Hyderabad,Telangana,India
Bangalore,Bangalore,Karnataka,India
NYC,New York,NY,USA
Bangalore,Bangalore,Karnataka,India
Hyd,Hyderabad,Telangana,India
Hyd,Hyderabad,Telangana,India
Bangalore,Bangalore,Karnataka,India
NYC,New York,NY,USA
NYC,New York,NY,USA
Bangalore,Bangalore,Karnataka,India
Bangalore,Bangalore,Karnataka,India
NYC,New York,NY,USA
Hyd,Hyderabad,Telangana,India
Bangalore,Bangalore,Karnataka,India
NYC,New York,NY,USA
Hyd,Hyderabad,Telangana,India
NYC,New York,NY,USA
NYC,New York,NY,USA
Hyd,Hyderabad,Telangana,India
NYC,New York,NY,USA
Hyd,Hyderabad,Telangana,India
Hyd,Hyderabad,Telangana,India
NYC,New York,NY,USA
Bangalore,Bangalore,Karnataka,India
Bangalore,Bangalore,Karnataka,India
NYC,New York,NY,USA
Bangalore,Bangalore,Karnataka,India
NYC,New York,NY,USA
NYC,New York,NY,USA
Hyd,Hyderabad,Telangana,India
Hyd,Hyderabad,Telangana,India
Bangalore,Bangalore,Karnataka,India
Bangalore,Bangalore,Karnataka,India
Bangalore,Bangalore,Karnataka,India
Bangalore,Bangalore,Karnataka,India
Bangalore,Bangalore,Karnataka,India
Bangalore,Bangalore,Karnataka,India
Bangalore,Bangalore,Karnataka,India
NYC,New York,NY,USA
Bangalore,Bangalore,Karnataka,India
Hyd,Hyderabad,Telangana,India
Bangalore,Bangalore,Karnataka,India
Hyd,Hyderabad,Telangana,India
Bangalore,Bangalore,Karnataka,India
NYC,New York,NY,USA
Hyd,Hyderabad,Telangana,India
NYC,New York,NY,USA
Hyd,Hyderabad,Telangana,India
Bangalore,Bangalore,Karnataka,India
Bangalore,Bangalore,Karnataka,India
Bangalore,Bangalore,Karnataka,India
Hyd,Hyderabad,Telangana,India
Hyd,Hyderabad,Telangana,India
NYC,New York,NY,USA
NYC,New York,NY,USA
NYC,New York,NY,USA
NYC,New York,NY,USA
Hyd,Hyderabad,Telangana,India
Hyd,Hyderabad,Telangana,India
NYC,New York,NY,USA
Bangalore,Bangalore,Karnataka,India
NYC,New York,NY,USA
Bangalore,Bangalore,Karnataka,India
Bangalore,Bangalore,Karnataka,India
NYC,New York,NY,USA
Bangalore,Bangalore,Karnataka,India
Bangalore,Bangalore,Karnataka,India
Bangalore,Bangalore,Karnataka,India
Bangalore,Bangalore,Karnataka,India
Bangalore,Bangalore,Karnataka,India
Hyd,Hyderabad,Telangana,India
Hyd,Hyderabad,Telangana,India
Bangalore,Bangalore,Karnataka,India
Bangalore,Bangalore,Karnataka,India
Hyd,Hyderabad,Telangana,India
Hyd,Hyderabad,Telangana,India
Bangalore,Bangalore,Karnataka,India
NYC,New York,NY,USA
Hyd,Hyderabad,Telangana,India
Bangalore,Bangalore,Karnataka,India
Hyd,Hyderabad,Telangana,India
Bangalore,Bangalore,Karnataka,India
Hyd,Hyderabad,Telangana,India
NYC,New York,NY,USA
Bangalore,Bangalore,Karnataka,India
NYC,New York,NY,USA
Bangalore,Bangalore,Karnataka,India
NYC,New York,NY,USA
NYC,New York,NY,USA
Hyd,Hyderabad,Telangana,India
Bangalore,Bangalore,Karnataka,India
Hyd,Hyderabad,Telangana,India
NYC,New York,NY,USA
NYC,New York,NY,USA
NYC,New York,NY,USA
Bangalore,Bangalore,Karnataka,India
NYC,New York,NY,USA
NYC,New York,NY,USA
NYC,New York,NY,USA
Hyd,Hyderabad,Telangana,India
Bangalore,Bangalore,Karnataka,India
Hyd,Hyderabad,Telangana,India
Hyd,Hyderabad,Telangana,India
Bangalore,Bangalore,Karnataka,India
Hyd,Hyderabad,Telangana,India
NYC,New York,NY,USA
NYC,New York,NY,USA
Bangalore,Bangalore,Karnataka,India
Bangalore,Bangalore,Karnataka,India
Bangalore,Bangalore,Karnataka,India
Bangalore,Bangalore,Karnataka,India
NYC,New York,NY,USA
Hyd,Hyderabad,Telangana,India
Hyd,Hyderabad,Telangana,India
NYC,New York,NY,USA
Hyd,Hyderabad,Telangana,India
NYC,New York,NY,USA
Hyd,Hyderabad,Telangana,India
Hyd,Hyderabad,Telangana,India
Hyd,Hyderabad,Telangana,India
Hyd,Hyderabad,Telangana,India
NYC,New York,NY,USA
NYC,New York,NY,USA
Hyd,Hyderabad,Telangana,India
NYC,New York,NY,USA
Hyd,Hyderabad,Telangana,India
Bangalore,Bangalore,Karnataka,India
NYC,New York,NY,USA
Bangalore,Bangalore,Karnataka,India
Hyd,Hyderabad,Telangana,India
Bangalore,Bangalore,Karnataka,India
Bangalore,Bangalore,Karnataka,India
NYC,New York,NY,USA
Hyd,Hyderabad,Telangana,India
NYC,New York,NY,USA
Hyd,Hyderabad,Telangana,India
Bangalore,Bangalore,Karnataka,India
Hyd,Hyderabad,Telangana,India
NYC,New York,NY,USA
NYC,New York,NY,USA
NYC,New York,NY,USA
NYC,New York,NY,USA
NYC,New York,NY,USA
Hyd,Hyderabad,Telangana,India
Hyd,Hyderabad,Telangana,India
NYC,New York,NY,USA
Bangalore,Bangalore,Karnataka,India
Hyd,Hyderabad,Telangana,India
Bangalore,Bangalore,Karnataka,India
NYC,New York,NY,USA
NYC,New York,NY,USA
Hyd,Hyderabad,Telangana,India
Bangalore,Bangalore,Karnataka,India
NYC,New York,NY,USA
Hyd,Hyderabad,Telangana,India
Hyd,Hyderabad,Telangana,India
NYC,New York,NY,USA
NYC,New York,NY,USA
NYC,New York,NY,USA
Bangalore,Bangalore,Karnataka,India
Hyd,Hyderabad,Telangana,India
Bangalore,Bangalore,Karnataka,India
Hyd,Hyderabad,Telangana,India
Hyd,Hyderabad,Telangana,India
Bangalore,Bangalore,Karnataka,India
Bangalore,Bangalore,Karnataka,India
Hyd,Hyderabad,Telangana,India
Bangalore,Bangalore,Karnataka,India
Hyd,Hyderabad,Telangana,India
NYC,New York,NY,USA
NYC,New York,NY,USA
Hyd,Hyderabad,Telangana,India
NYC,New York,NY,USA
Bangalore,Bangalore,Karnataka,India
NYC,New York,NY,USA
Hyd,Hyderabad,Telangana,India
Hyd,Hyderabad,Telangana,India
Bangalore,Bangalore,Karnataka,India
Hyd,Hyderabad,Telangana,India
Bangalore,Bangalore,Karnataka,India
NYC,New York,NY,USA
Hyd,Hyderabad,Telangana,India
Hyd,Hyderabad,Telangana,India
NYC,New York,NY,USA
Bangalore,Bangalore,Karnataka,India
NYC,New York,NY,USA
Hyd,Hyderabad,Telangana,India
Hyd,Hyderabad,Telangana,India
NYC,New York,NY,USA
NYC,New York,NY,USA
Hyd,Hyderabad,Telangana,India
NYC,New York,NY,USA
Bangalore,Bangalore,Karnataka,India
Hyd,Hyderabad,Telangana,India
Hyd,Hyderabad,Telangana,India
NYC,New York,NY,USA
Hyd,Hyderabad,Telangana,India
Hyd,Hyderabad,Telangana,India
Hyd,Hyderabad,Telangana,India
NYC,New York,NY,USA
Hyd,Hyderabad,Telangana,India
Bangalore,Bangalore,Karnataka,India
Hyd,Hyderabad,Telangana,India
Bangalore,Bangalore,Karnataka,India
Bangalore,Bangalore,Karnataka,India
Hyd,Hyderabad,Telangana,India
Bangalore,Bangalore,Karnataka,India
Hyd,Hyderabad,Telangana,India
NYC,New York,NY,USA
NYC,New York,NY,USA
Bangalore,Bangalore,Karnataka,India
Hyd,Hyderabad,Telangana,India
NYC,New York,NY,USA
NYC,New York,NY,USA
Hyd,Hyderabad,Telangana,India
Bangalore,Bangalore,Karnataka,India
Bangalore,Bangalore,Karnataka,India
NYC,New York,NY,USA
Bangalore,Bangalore,Karnataka,India
Hyd,Hyderabad,Telangana,India
NYC,New York,NY,USA
Bangalore,Bangalore,Karnataka,India
Bangalore,Bangalore,Karnataka,India
Bangalore,Bangalore,Karnataka,India
Bangalore,Bangalore,Karnataka,India
NYC,New York,NY,USA
Hyd,Hyderabad,Telangana,India
Bangalore,Bangalore,Karnataka,India
Bangalore,Bangalore,Karnataka,India
Hyd,Hyderabad,Telangana,India
NYC,New York,NY,USA
NYC,New York,NY,USA
Hyd,Hyderabad,Telangana,India
Hyd,Hyderabad,Telangana,India
Hyd,Hyderabad,Telangana,India
Hyd,Hyderabad,Telangana,India
Bangalore,Bangalore,Karnataka,India
Hyd,Hyderabad,Telangana,India
Hyd,Hyderabad,Telangana,India
NYC,New York,NY,USA
Bangalore,Bangalore,Karnataka,India
NYC,New York,NY,USA
Hyd,Hyderabad,Telangana,India
Bangalore,Bangalore,Karnataka,India
NYC,New York,NY,USA
NYC,New York,NY,USA
Bangalore,Bangalore,Karnataka,India
NYC,New York,NY,USA
Bangalore,Bangalore,Karnataka,India
NYC,New York,NY,USA
Hyd,Hyderabad,Telangana,India
NYC,New York,NY,USA
Bangalore,Bangalore,Karnataka,India
Hyd,Hyderabad,Telangana,India
NYC,New York,NY,USA
Hyd,Hyderabad,Telangana,India
NYC,New York,NY,USA
NYC,New York,NY,USA
Bangalore,Bangalore,Karnataka,India
Hyd,Hyderabad,Telangana,India
NYC,New York,NY,USA
NYC,New York,NY,USA
NYC,New York,NY,USA
NYC,New York,NY,USA
Bangalore,Bangalore,Karnataka,India
NYC,New York,NY,USA
Hyd,Hyderabad,Telangana,India
NYC,New York,NY,USA
Bangalore,Bangalore,Karnataka,India
Hyd,Hyderabad,Telangana,India
NYC,New York,NY,USA
NYC,New York,NY,USA
Bangalore,Bangalore,Karnataka,India
Hyd,Hyderabad,Telangana,India
NYC,New York,NY,USA
Bangalore,Bangalore,Karnataka,India
Hyd,Hyderabad,Telangana,India
Hyd,Hyderabad,Telangana,India
Hyd,Hyderabad,Telangana,India
Bangalore,Bangalore,Karnataka,India
NYC,New York,NY,USA
Bangalore,Bangalore,Karnataka,India
NYC,New York,NY,USA
NYC,New York,NY,USA
Bangalore,Bangalore,Karnataka,India
Bangalore,Bangalore,Karnataka,India
Hyd,Hyderabad,Telangana,India
Hyd,Hyderabad,Telangana,India
Bangalore,Bangalore,Karnataka,India
Hyd,Hyderabad,Telangana,India
Hyd,Hyderabad,Telangana,India
NYC,New York,NY,USA
NYC,New York,NY,USA
Bangalore,Bangalore,Karnataka,India
Hyd,Hyderabad,Telangana,India
Hyd,Hyderabad,Telangana,India
Hyd,Hyderabad,Telangana,India
Hyd,Hyderabad,Telangana,India
Hyd,Hyderabad,Telangana,India
NYC,New York,NY,USA
Hyd,Hyderabad,Telangana,India
Bangalore,Bangalore,Karnataka,India
Bangalore,Bangalore,Karnataka,India
NYC,New York,NY,USA
Bangalore,Bangalore,Karnataka,India
Bangalore,Bangalore,Karnataka,India
Hyd,Hyderabad,Telangana,India
Hyd,Hyderabad,Telangana,India
Bangalore,Bangalore,Karnataka,India
Bangalore,Bangalore,Karnataka,India
Bangalore,Bangalore,Karnataka,India
Hyd,Hyderabad,Telangana,India
Bangalore,Bangalore,Karnataka,India
NYC,New York,NY,USA
Hyd,Hyderabad,Telangana,India
Hyd,Hyderabad,Telangana,India
NYC,New York,NY,USA
Hyd,Hyderabad,Telangana,India
Hyd,Hyderabad,Telangana,India
Bangalore,Bangalore,Karnataka,India
NYC,New York,NY,USA
NYC,New York,NY,USA
Bangalore,Bangalore,Karnataka,India
Hyd,Hyderabad,Telangana,India
Hyd,Hyderabad,Telangana,India
Bangalore,Bangalore,Karnataka,India
Hyd,Hyderabad,Telangana,India
Bangalore,Bangalore,Karnataka,India
NYC,New York,NY,USA
NYC,New York,NY,USA
Hyd,Hyderabad,Telangana,India
Hyd,Hyderabad,Telangana,India
Bangalore,Bangalore,Karnataka,India
Hyd,Hyderabad,Telangana,India
Hyd,Hyderabad,Telangana,India
Hyd,Hyderabad,Telangana,India
Hyd,Hyderabad,Telangana,India
Hyd,Hyderabad,Telangana,India
Hyd,Hyderabad,Telangana,India
Bangalore,Bangalore,Karnataka,India
Hyd,Hyderabad,Telangana,India
Hyd,Hyderabad,Telangana,India
Hyd,Hyderabad,Telangana,India
Bangalore,Bangalore,Karnataka,India
Bangalore,Bangalore,Karnataka,India
Hyd,Hyderabad,Telangana,India
Bangalore,Bangalore,Karnataka,India
Hyd,Hyderabad,Telangana,India
Bangalore,Bangalore,Karnataka,India
NYC,New York,NY,USA
Bangalore,Bangalore,Karnataka,India
Hyd,Hyderabad,Telangana,India
NYC,New York,NY,USA
Bangalore,Bangalore,Karnataka,India
NYC,New York,NY,USA
Bangalore,Bangalore,Karnataka,India
Hyd,Hyderabad,Telangana,India
Bangalore,Bangalore,Karnataka,India
Bangalore,Bangalore,Karnataka,India
Bangalore,Bangalore,Karnataka,India
NYC,New York,NY,USA
Bangalore,Bangalore,Karnataka,India
Hyd,Hyderabad,Telangana,India
Hyd,Hyderabad,Telangana,India
NYC,New York,NY,USA
Bangalore,Bangalore,Karnataka,India
Hyd,Hyderabad,Telangana,India
Hyd,Hyderabad,Telangana,India
Hyd,Hyderabad,Telangana,India
Hyd,Hyderabad,Telangana,India
NYC,New York,NY,USA
NYC,New York,NY,USA
Hyd,Hyderabad,Telangana,India
Hyd,Hyderabad,Telangana,India
NYC,New York,NY,USA
Hyd,Hyderabad,Telangana,India
NYC,New York,NY,USA
Hyd,Hyderabad,Telangana,India
NYC,New York,NY,USA
Bangalore,Bangalore,Karnataka,India
Bangalore,Bangalore,Karnataka,India
Hyd,Hyderabad,Telangana,India
Bangalore,Bangalore,Karnataka,India
Bangalore,Bangalore,Karnataka,India
NYC,New York,NY,USA
Bangalore,Bangalore,Karnataka,India
NYC,New York,NY,USA
NYC,New York,NY,USA
Bangalore,Bangalore,Karnataka,India
NYC,New York,NY,USA
Hyd,Hyderabad,Telangana,India
Bangalore,Bangalore,Karnataka,India
Hyd,Hyderabad,Telangana,India
Bangalore,Bangalore,Karnataka,India
NYC,New York,NY,USA
NYC,New York,NY,USA
Hyd,Hyderabad,Telangana,India
Bangalore,Bangalore,Karnataka,India
Hyd,Hyderabad,Telangana,India
NYC,New York,NY,USA
Hyd,Hyderabad,Telangana,India
NYC,New York,NY,USA
Bangalore,Bangalore,Karnataka,India
Bangalore,Bangalore,Karnataka,India
NYC,New York,NY,USA
Bangalore,Bangalore,Karnataka,India
NYC,New York,NY,USA
NYC,New York,NY,USA
Hyd,Hyderabad,Telangana,India
NYC,New York,NY,USA
NYC,New York,NY,USA
Bangalore,Bangalore,Karnataka,India
Bangalore,Bangalore,Karnataka,India
Bangalore,Bangalore,Karnataka,India
NYC,New York,NY,USA
Bangalore,Bangalore,Karnataka,India
Hyd,Hyderabad,Telangana,India
Bangalore,Bangalore,Karnataka,India
Bangalore,Bangalore,Karnataka,India
NYC,New York,NY,USA
NYC,New York,NY,USA
NYC,New York,NY,USA
Hyd,Hyderabad,Telangana,India
Hyd,Hyderabad,Telangana,India
NYC,New York,NY,USA
Hyd,Hyderabad,Telangana,India
NYC,New York,NY,USA
NYC,New York,NY,USA
Hyd,Hyderabad,Telangana,India
Bangalore,Bangalore,Karnataka,India
Bangalore,Bangalore,Karnataka,India
Hyd,Hyderabad,Telangana,India
Hyd,Hyderabad,Telangana,India
Bangalore,Bangalore,Karnataka,India
Bangalore,Bangalore,Karnataka,India
Bangalore,Bangalore,Karnataka,India
Bangalore,Bangalore,Karnataka,India
Hyd,Hyderabad,Telangana,India
Hyd,Hyderabad,Telangana,India
NYC,New York,NY,USA
Hyd,Hyderabad,Telangana,India
Bangalore,Bangalore,Karnataka,India
Bangalore,Bangalore,Karnataka,India
NYC,New York,NY,USA
Hyd,Hyderabad,Telangana,India
Hyd,Hyderabad,Telangana,India
Bangalore,Bangalore,Karnataka,India
Bangalore,Bangalore,Karnataka,India
NYC,New York,NY,USA
Hyd,Hyderabad,Telangana,India
Hyd,Hyderabad,Telangana,India
Bangalore,Bangalore,Karnataka,India
Hyd,Hyderabad,Telangana,India
Bangalore,Bangalore,Karnataka,India
Bangalore,Bangalore,Karnataka,India
Bangalore,Bangalore,Karnataka,India
NYC,New York,NY,USA
Bangalore,Bangalore,Karnataka,India
Bangalore,Bangalore,Karnataka,India
Bangalore,Bangalore,Karnataka,India
Bangalore,Bangalore,Karnataka,India
NYC,New York,NY,USA
Bangalore,Bangalore,Karnataka,India
Hyd,Hyderabad,Telangana,India
NYC,New York,NY,USA
Hyd,Hyderabad,Telangana,India
Bangalore,Bangalore,Karnataka,India
Hyd,Hyderabad,Telangana,India
NYC,New York,NY,USA
Bangalore,Bangalore,Karnataka,India
NYC,New York,NY,USA
Bangalore,Bangalore,Karnataka,India
Hyd,Hyderabad,Telangana,India
NYC,New York,NY,USA
Bangalore,Bangalore,Karnataka,India
Bangalore,Bangalore,Karnataka,India
Hyd,Hyderabad,Telangana,India
Bangalore,Bangalore,Karnataka,India
Bangalore,Bangalore,Karnataka,India
Bangalore,Bangalore,Karnataka,India
NYC,New York,NY,USA
Hyd,Hyderabad,Telangana,India
Bangalore,Bangalore,Karnataka,India
Bangalore,Bangalore,Karnataka,India
NYC,New York,NY,USA
Bangalore,Bangalore,Karnataka,India
NYC,New York,NY,USA
Hyd,Hyderabad,Telangana,India
Bangalore,Bangalore,Karnataka,India
NYC,New York,NY,USA
Hyd,Hyderabad,Telangana,India
Hyd,Hyderabad,Telangana,India
NYC,New York,NY,USA
Bangalore,Bangalore,Karnataka,India
Hyd,Hyderabad,Telangana,India
Bangalore,Bangalore,Karnataka,India
Bangalore,Bangalore,Karnataka,India
Hyd,Hyderabad,Telangana,India
Hyd,Hyderabad,Telangana,India
Hyd,Hyderabad,Telangana,India
NYC,New York,NY,USA
Bangalore,Bangalore,Karnataka,India
Bangalore,Bangalore,Karnataka,India
NYC,New York,NY,USA
Bangalore,Bangalore,Karnataka,India
Bangalore,Bangalore,Karnataka,India
Hyd,Hyderabad,Telangana,India
Hyd,Hyderabad,Telangana,India
Hyd,Hyderabad,Telangana,India
NYC,New York,NY,USA
NYC,New York,NY,USA
Hyd,Hyderabad,Telangana,India
Bangalore,Bangalore,Karnataka,India
NYC,New York,NY,USA
NYC,New York,NY,USA
NYC,New York,NY,USA
Hyd,Hyderabad,Telangana,India
Bangalore,Bangalore,Karnataka,India
Hyd,Hyderabad,Telangana,India
Bangalore,Bangalore,Karnataka,India
NYC,New York,NY,USA
Bangalore,Bangalore,Karnataka,India
Bangalore,Bangalore,Karnataka,India
Bangalore,Bangalore,Karnataka,India
Bangalore,Bangalore,Karnataka,India
Hyd,Hyderabad,Telangana,India
Hyd,Hyderabad,Telangana,India
NYC,New York,NY,USA
NYC,New York,NY,USA
Bangalore,Bangalore,Karnataka,India
Hyd,Hyderabad,Telangana,India
NYC,New York,NY,USA
NYC,New York,NY,USA
Hyd,Hyderabad,Telangana,India
Hyd,Hyderabad,Telangana,India
NYC,New York,NY,USA
Hyd,Hyderabad,Telangana,India
NYC,New York,NY,USA
Bangalore,Bangalore,Karnataka,India
NYC,New York,NY,USA
NYC,New York,NY,USA
Bangalore,Bangalore,Karnataka,India
NYC,New York,NY,USA
NYC,New York,NY,USA
NYC,New York,NY,USA
Bangalore,Bangalore,Karnataka,India
NYC,New York,NY,USA
Bangalore,Bangalore,Karnataka,India
NYC,New York,NY,USA
NYC,New York,NY,USA
Hyd,Hyderabad,Telangana,India
Bangalore,Bangalore,Karnataka,India
Bangalore,Bangalore,Karnataka,India
Hyd,Hyderabad,Telangana,India
Hyd,Hyderabad,Telangana,India
Hyd,Hyderabad,Telangana,India
NYC,New York,NY,USA
NYC,New York,NY,USA
Bangalore,Bangalore,Karnataka,India
Hyd,Hyderabad,Telangana,India
Bangalore,Bangalore,Karnataka,India
Hyd,Hyderabad,Telangana,India
Bangalore,Bangalore,Karnataka,India
Bangalore,Bangalore,Karnataka,India
Bangalore,Bangalore,Karnataka,India
NYC,New York,NY,USA
Hyd,Hyderabad,Telangana,India
NYC,New York,NY,USA
Hyd,Hyderabad,Telangana,India
Hyd,Hyderabad,Telangana,India
Bangalore,Bangalore,Karnataka,India
Hyd,Hyderabad,Telangana,India
Hyd,Hyderabad,Telangana,India
Bangalore,Bangalore,Karnataka,India
Hyd,Hyderabad,Telangana,India
NYC,New York,NY,USA
Hyd,Hyderabad,Telangana,India
NYC,New York,NY,USA
Bangalore,Bangalore,Karnataka,India
Hyd,Hyderabad,Telangana,India
Bangalore,Bangalore,Karnataka,India
Bangalore,Bangalore,Karnataka,India
Hyd,Hyderabad,Telangana,India
Bangalore,Bangalore,Karnataka,India
Bangalore,Bangalore,Karnataka,India
NYC,New York,NY,USA
Hyd,Hyderabad,Telangana,India
NYC,New York,NY,USA
Hyd,Hyderabad,Telangana,India
NYC,New York,NY,USA
NYC,New York,NY,USA
Hyd,Hyderabad,Telangana,India
NYC,New York,NY,USA
Bangalore,Bangalore,Karnataka,India
NYC,New York,NY,USA
Bangalore,Bangalore,Karnataka,India
NYC,New York,NY,USA
Bangalore,Bangalore,Karnataka,India
Bangalore,Bangalore,Karnataka,India
Hyd,Hyderabad,Telangana,India
Bangalore,Bangalore,Karnataka,India
Bangalore,Bangalore,Karnataka,India
Bangalore,Bangalore,Karnataka,India
NYC,New York,NY,USA
Hyd,Hyderabad,Telangana,India
Bangalore,Bangalore,Karnataka,India
Bangalore,Bangalore,Karnataka,India
Hyd,Hyderabad,Telangana,India
NYC,New York,NY,USA
NYC,New York,NY,USA
Bangalore,Bangalore,Karnataka,India
Hyd,Hyderabad,Telangana,India
NYC,New York,NY,USA
Bangalore,Bangalore,Karnataka,India
Hyd,Hyderabad,Telangana,India
NYC,New York,NY,USA
Bangalore,Bangalore,Karnataka,India
NYC,New York,NY,USA
NYC,New York,NY,USA
Hyd,Hyderabad,Telangana,India
NYC,New York,NY,USA
Hyd,Hyderabad,Telangana,India
Hyd,Hyderabad,Telangana,India
NYC,New York,NY,USA
Hyd,Hyderabad,Telangana,India
NYC,New York,NY,USA
Bangalore,Bangalore,Karnataka,India
Bangalore,Bangalore,Karnataka,India
NYC,New York,NY,USA
Bangalore,Bangalore,Karnataka,India
Hyd,Hyderabad,Telangana,India
Bangalore,Bangalore,Karnataka,India
NYC,New York,NY,USA
NYC,New York,NY,USA
Hyd,Hyderabad,Telangana,India
Hyd,Hyderabad,Telangana,India
Bangalore,Bangalore,Karnataka,India
Bangalore,Bangalore,Karnataka,India
Hyd,Hyderabad,Telangana,India
Hyd,Hyderabad,Telangana,India
Hyd,Hyderabad,Telangana,India
Hyd,Hyderabad,Telangana,India
Bangalore,Bangalore,Karnataka,India
Hyd,Hyderabad,Telangana,India
NYC,New York,NY,USA
Bangalore,Bangalore,Karnataka,India
Hyd,Hyderabad,Telangana,India
Hyd,Hyderabad,Telangana,India
NYC,New York,NY,USA
NYC,New York,NY,USA
Bangalore,Bangalore,Karnataka,India
NYC,New York,NY,USA
NYC,New York,NY,USA
NYC,New York,NY,USA
Bangalore,Bangalore,Karnataka,India
Hyd,Hyderabad,Telangana,India
Bangalore,Bangalore,Karnataka,India
NYC,New York,NY,USA
NYC,New York,NY,USA
NYC,New York,NY,USA
Hyd,Hyderabad,Telangana,India
NYC,New York,NY,USA
Hyd,Hyderabad,Telangana,India
NYC,New York,NY,USA
Bangalore,Bangalore,Karnataka,India
Bangalore,Bangalore,Karnataka,India
NYC,New York,NY,USA
Hyd,Hyderabad,Telangana,India
Hyd,Hyderabad,Telangana,India
Bangalore,Bangalore,Karnataka,India
NYC,New York,NY,USA
Hyd,Hyderabad,Telangana,India
NYC,New York,NY,USA
Bangalore,Bangalore,Karnataka,India
NYC,New York,NY,USA
Hyd,Hyderabad,Telangana,India
Bangalore,Bangalore,Karnataka,India
Bangalore,Bangalore,Karnataka,India
Hyd,Hyderabad,Telangana,India
Bangalore,Bangalore,Karnataka,India
Bangalore,Bangalore,Karnataka,India
Bangalore,Bangalore,Karnataka,India
Bangalore,Bangalore,Karnataka,India
Bangalore,Bangalore,Karnataka,India
NYC,New York,NY,USA
Hyd,Hyderabad,Telangana,India
Hyd,Hyderabad,Telangana,India
Hyd,Hyderabad,Telangana,India
NYC,New York,NY,USA
NYC,New York,NY,USA
Bangalore,Bangalore,Karnataka,India
Hyd,Hyderabad,Telangana,India
Bangalore,Bangalore,Karnataka,India
Hyd,Hyderabad,Telangana,India
Bangalore,Bangalore,Karnataka,India
NYC,New York,NY,USA
NYC,New York,NY,USA
Bangalore,Bangalore,Karnataka,India
NYC,New York,NY,USA
Bangalore,Bangalore,Karnataka,India
Bangalore,Bangalore,Karnataka,India
Hyd,Hyderabad,Telangana,India
Hyd,Hyderabad,Telangana,India
NYC,New York,NY,USA
Hyd,Hyderabad,Telangana,India
NYC,New York,NY,USA
NYC,New York,NY,USA
NYC,New York,NY,USA
Hyd,Hyderabad,Telangana,India
NYC,New York,NY,USA
Hyd,Hyderabad,Telangana,India
Bangalore,Bangalore,Karnataka,India
Hyd,Hyderabad,Telangana,India
NYC,New York,NY,USA
Hyd,Hyderabad,Telangana,India
Hyd,Hyderabad,Telangana,India
Hyd,Hyderabad,Telangana,India
NYC,New York,NY,USA
NYC,New York,NY,USA
Hyd,Hyderabad,Telangana,India
Bangalore,Bangalore,Karnataka,India
NYC,New York,NY,USA
NYC,New York,NY,USA
NYC,New York,NY,USA
Hyd,Hyderabad,Telangana,India
Hyd,Hyderabad,Telangana,India
NYC,New York,NY,USA
NYC,New York,NY,USA
NYC,New York,NY,USA
NYC,New York,NY,USA
Bangalore,Bangalore,Karnataka,India
Hyd,Hyderabad,Telangana,India
Bangalore,Bangalore,Karnataka,India
NYC,New York,NY,USA
NYC,New York,NY,USA
NYC,New York,NY,USA
NYC,New York,NY,USA
NYC,New York,NY,USA
Bangalore,Bangalore,Karnataka,India
Bangalore,Bangalore,Karnataka,India
NYC,New York,NY,USA
Bangalore,Bangalore,Karnataka,India
Bangalore,Bangalore,Karnataka,India
Bangalore,Bangalore,Karnataka,India
Bangalore,Bangalore,Karnataka,India
Bangalore,Bangalore,Karnataka,India
NYC,New York,NY,USA
NYC,New York,NY,USA
Bangalore,Bangalore,Karnataka,India
Hyd,Hyderabad,Telangana,India
Bangalore,Bangalore,Karnataka,India
NYC,New York,NY,USA
Bangalore,Bangalore,Karnataka,India
Hyd,Hyderabad,Telangana,India
Bangalore,Bangalore,Karnataka,India
Bangalore,Bangalore,Karnataka,India
NYC,New York,NY,USA
Hyd,Hyderabad,Telangana,India
Bangalore,Bangalore,Karnataka,India
NYC,New York,NY,USA
NYC,New York,NY,USA
Bangalore,Bangalore,Karnataka,India
Bangalore,Bangalore,Karnataka,India
NYC,New York,NY,USA
Bangalore,Bangalore,Karnataka,India
Hyd,Hyderabad,Telangana,India
Hyd,Hyderabad,Telangana,India
NYC,New York,NY,USA
Bangalore,Bangalore,Karnataka,India
Hyd,Hyderabad,Telangana,India
Hyd,Hyderabad,Telangana,India
NYC,New York,NY,USA
Bangalore,Bangalore,Karnataka,India
NYC,New York,NY,USA
Bangalore,Bangalore,Karnataka,India
Hyd,Hyderabad,Telangana,India
Hyd,Hyderabad,Telangana,India
NYC,New York,NY,USA
NYC,New York,NY,USA
NYC,New York,NY,USA
Hyd,Hyderabad,Telangana,India
NYC,New York,NY,USA
Hyd,Hyderabad,Telangana,India
Hyd,Hyderabad,Telangana,India
Bangalore,Bangalore,Karnataka,India
Bangalore,Bangalore,Karnataka,India
Hyd,Hyderabad,Telangana,India
Bangalore,Bangalore,Karnataka,India
Bangalore,Bangalore,Karnataka,India
Bangalore,Bangalore,Karnataka,India
Bangalore,Bangalore,Karnataka,India
NYC,New York,NY,USA
Hyd,Hyderabad,Telangana,India
NYC,New York,NY,USA
Bangalore,Bangalore,Karnataka,India
Hyd,Hyderabad,Telangana,India
Hyd,Hyderabad,Telangana,India
Bangalore,Bangalore,Karnataka,India
Bangalore,Bangalore,Karnataka,India
Bangalore,Bangalore,Karnataka,India
Hyd,Hyderabad,Telangana,India
Hyd,Hyderabad,Telangana,India
NYC,New York,NY,USA
NYC,New York,NY,USA
NYC,New York,NY,USA
Bangalore,Bangalore,Karnataka,India
Hyd,Hyderabad,Telangana,India
NYC,New York,NY,USA
NYC,New York,NY,USA
Bangalore,Bangalore,Karnataka,India
Bangalore,Bangalore,Karnataka,India
NYC,New York,NY,USA
NYC,New York,NY,USA
NYC,New York,NY,USA
NYC,New York,NY,USA
Bangalore,Bangalore,Karnataka,India
NYC,New York,NY,USA
NYC,New York,NY,USA
Hyd,Hyderabad,Telangana,India
Hyd,Hyderabad,Telangana,India
NYC,New York,NY,USA
NYC,New York,NY,USA
NYC,New York,NY,USA
Hyd,Hyderabad,Telangana,India
Bangalore,Bangalore,Karnataka,India
Bangalore,Bangalore,Karnataka,India
Bangalore,Bangalore,Karnataka,India
NYC,New York,NY,USA
Hyd,Hyderabad,Telangana,India
Bangalore,Bangalore,Karnataka,India
Hyd,Hyderabad,Telangana,India
NYC,New York,NY,USA
NYC,New York,NY,USA
NYC,New York,NY,USA
NYC,New York,NY,USA
Bangalore,Bangalore,Karnataka,India
NYC,New York,NY,USA
Bangalore,Bangalore,Karnataka,India
Bangalore,Bangalore,Karnataka,India
Hyd,Hyderabad,Telangana,India
NYC,New York,NY,USA
NYC,New York,NY,USA
Bangalore,Bangalore,Karnataka,India
NYC,New York,NY,USA
Hyd,Hyderabad,Telangana,India
NYC,New York,NY,USA
Hyd,Hyderabad,Telangana,India
Bangalore,Bangalore,Karnataka,India
NYC,New York,NY,USA
NYC,New York,NY,USA
Bangalore,Bangalore,Karnataka,India
Bangalore,Bangalore,Karnataka,India
NYC,New York,NY,USA
Bangalore,Bangalore,Karnataka,India
NYC,New York,NY,USA
NYC,New York,NY,USA
Bangalore,Bangalore,Karnataka,India
NYC,New York,NY,USA
NYC,New York,NY,USA
Hyd,Hyderabad,Telangana,India
NYC,New York,NY,USA
Hyd,Hyderabad,Telangana,India
NYC,New York,NY,USA
Bangalore,Bangalore,Karnataka,India
Hyd,Hyderabad,Telangana,India
NYC,New York,NY,USA
NYC,New York,NY,USA
NYC,New York,NY,USA
Hyd,Hyderabad,Telangana,India
Bangalore,Bangalore,Karnataka,India
Bangalore,Bangalore,Karnataka,India
NYC,New York,NY,USA
NYC,New York,NY,USA
Hyd,Hyderabad,Telangana,India
Hyd,Hyderabad,Telangana,India
Hyd,Hyderabad,Telangana,India
Hyd,Hyderabad,Telangana,India
NYC,New York,NY,USA
Hyd,Hyderabad,Telangana,India
NYC,New York,NY,USA
Hyd,Hyderabad,Telangana,India
Hyd,Hyderabad,Telangana,India
Bangalore,Bangalore,Karnataka,India
NYC,New York,NY,USA
Bangalore,Bangalore,Karnataka,India
Hyd,Hyderabad,Telangana,India
Hyd,Hyderabad,Telangana,India
Hyd,Hyderabad,Telangana,India
NYC,New York,NY,USA
Hyd,Hyderabad,Telangana,India
Bangalore,Bangalore,Karnataka,India
Bangalore,Bangalore,Karnataka,India
Hyd,Hyderabad,Telangana,India
Bangalore,Bangalore,Karnataka,India
NYC,New York,NY,USA
Hyd,Hyderabad,Telangana,India
Hyd,Hyderabad,Telangana,India
Hyd,Hyderabad,Telangana,India
Bangalore,Bangalore,Karnataka,India
NYC,New York,NY,USA
NYC,New York,NY,USA
Bangalore,Bangalore,Karnataka,India
NYC,New York,NY,USA
Bangalore,Bangalore,Karnataka,India
Bangalore,Bangalore,Karnataka,India
Hyd,Hyderabad,Telangana,India
Hyd,Hyderabad,Telangana,India
NYC,New York,NY,USA
Hyd,Hyderabad,Telangana,India
Bangalore,Bangalore,Karnataka,India
Bangalore,Bangalore,Karnataka,India
NYC,New York,NY,USA
Bangalore,Bangalore,Karnataka,India
NYC,New York,NY,USA
Bangalore,Bangalore,Karnataka,India
Hyd,Hyderabad,Telangana,India
Hyd,Hyderabad,Telangana,India
Hyd,Hyderabad,Telangana,India
Hyd,Hyderabad,Telangana,India
Bangalore,Bangalore,Karnataka,India
Bangalore,Bangalore,Karnataka,India
Hyd,Hyderabad,Telangana,India
Hyd,Hyderabad,Telangana,India
Hyd,Hyderabad,Telangana,India
NYC,New York,NY,USA
NYC,New York,NY,USA
Hyd,Hyderabad,Telangana,India
Hyd,Hyderabad,Telangana,India
NYC,New York,NY,USA
Bangalore,Bangalore,Karnataka,India
Bangalore,Bangalore,Karnataka,India
Bangalore,Bangalore,Karnataka,India
Hyd,Hyderabad,Telangana,India
Hyd,Hyderabad,Telangana,India
NYC,New York,NY,USA
NYC,New York,NY,USA
NYC,New York,NY,USA
NYC,New York,NY,USA
Hyd,Hyderabad,Telangana,India
Hyd,Hyderabad,Telangana,India
Hyd,Hyderabad,Telangana,India
Hyd,Hyderabad,Telangana,India
Bangalore,Bangalore,Karnataka,India
NYC,New York,NY,USA
Bangalore,Bangalore,Karnataka,India
Bangalore,Bangalore,Karnataka,India
NYC,New York,NY,USA
Hyd,Hyderabad,Telangana,India
Hyd,Hyderabad,Telangana,India
Bangalore,Bangalore,Karnataka,India
Bangalore,Bangalore,Karnataka,India
NYC,New York,NY,USA
NYC,New York,NY,USA
Hyd,Hyderabad,Telangana,India
NYC,New York,NY,USA
Bangalore,Bangalore,Karnataka,India
Hyd,Hyderabad,Telangana,India
Bangalore,Bangalore,Karnataka,India
Bangalore,Bangalore,Karnataka,India
Bangalore,Bangalore,Karnataka,India
Bangalore,Bangalore,Karnataka,India
NYC,New York,NY,USA
Bangalore,Bangalore,Karnataka,India
Bangalore,Bangalore,Karnataka,India
NYC,New York,NY,USA
Bangalore,Bangalore,Karnataka,India
NYC,New York,NY,USA
NYC,New York,NY,USA
Bangalore,Bangalore,Karnataka,India
NYC,New York,NY,USA
NYC,New York,NY,USA
Hyd,Hyderabad,Telangana,India
Bangalore,Bangalore,Karnataka,India
Hyd,Hyderabad,Telangana,India
Bangalore,Bangalore,Karnataka,India
Bangalore,Bangalore,Karnataka,India
Bangalore,Bangalore,Karnataka,India
