header_text,section
WORK EXPERIENCE,skills
PROFESSIONAL SUMMARY,skills
PROFESSIONAL SUMMARY,education
PROFESSIONAL SUMMARY,education
CERTIFICATIONS,experience
EDUCATION,education
TECHNICAL SKILLS,experience
CERTIFICATIONS,skills
TECHNICAL SKILLS,skills
PROFESSIONAL SUMMARY,experience
TECHNICAL SKILLS,experience
EDUCATION,summary
WORK EXPERIENCE,certifications
EDUCATION,summary
CERTIFICATIONS,education
PROFESSIONAL SUMMARY,certifications
TECHNICAL SKILLS,certifications
CERTIFICATIONS,certifications
TECHNICAL SKILLS,education
EDUCATION,summary
PROFESSIONAL SUMMARY,skills
TECHNICAL SKILLS,summary
PROFESSIONAL SUMMARY,summary
PROFESSIONAL SUMMARY,certifications
EDUCATION,skills
WORK EXPERIENCE,education
CERTIFICATIONS,certifications
PROFESSIONAL SUMMARY,summary
TECHNICAL SKILLS,education
TECHNICAL SKILLS,skills
EDUCATION,experience
WORK EXPERIENCE,education
EDUCATION,experience
CERTIFICATIONS,experience
EDUCATION,experience
TECHNICAL SKILLS,education
CERTIFICATIONS,education
EDUCATION,education
CERTIFICATIONS,skills
EDUCATION,summary
WORK EXPERIENCE,summary
WORK EXPERIENCE,education
EDUCATION,summary
EDUCATION,skills
WORK EXPERIENCE,summary
PROFESSIONAL SUMMARY,summary
CERTIFICATIONS,education
EDUCATION,education
WORK EXPERIENCE,experience
TECHNICAL SKILLS,education
WORK EXPERIENCE,skills
PROFESSIONAL SUMMARY,certifications
CERTIFICATIONS,skills
PROFESSIONAL SUMMARY,education
PROFESSIONAL SUMMARY,skills
PROFESSIONAL SUMMARY,summary
TECHNICAL SKILLS,experience
CERTIFICATIONS,skills
WORK EXPERIENCE,summary
PROFESSIONAL SUMMARY,skills
EDUCATION,skills
EDUCATION,summary
PROFESSIONAL SUMMARY,experience
EDUCATION,experience
CERTIFICATIONS,skills
EDUCATION,skills
CERTIFICATIONS,education
TECHNICAL SKILLS,certifications
CERTIFICATIONS,experience
PROFESSIONAL SUMMARY,experience
EDUCATION,summary
PROFESSIONAL SUMMARY,certifications
WORK EXPERIENCE,education
CERTIFICATIONS,experience
CERTIFICATIONS,experience
CERTIFICATIONS,certifications
WORK EXPERIENCE,certifications
TECHNICAL SKILLS,summary
EDUCATION,education
PROFESSIONAL SUMMARY,summary
CERTIFICATIONS,experience
EDUCATION,education
PROFESSIONAL SUMMARY,certifications
TECHNICAL SKILLS,experience
EDUCATION,skills
TECHNICAL SKILLS,experience
CERTIFICATIONS,summary
PROFESSIONAL SUMMARY,summary
EDUCATION,experience
PROFESSIONAL SUMMARY,summary
EDUCATION,education
TECHNICAL SKILLS,summary
TECHNICAL SKILLS,experience
EDUCATION,experience
CERTIFICATIONS,skills
TECHNICAL SKILLS,summary
PROFESSIONAL SUMMARY,experience
WORK EXPERIENCE,summary
EDUCATION,certifications
WORK EXPERIENCE,experience
CERTIFICATIONS,experience
PROFESSIONAL SUMMARY,experience
PROFESSIONAL SUMMARY,experience
PROFESSIONAL SUMMARY,skills
PROFESSIONAL SUMMARY,summary
CERTIFICATIONS,skills
PROFESSIONAL SUMMARY,education
WORK EXPERIENCE,summary
WORK EXPERIENCE,skills
EDUCATION,skills
CERTIFICATIONS,skills
WORK EXPERIENCE,skills
PROFESSIONAL SUMMARY,education
EDUCATION,summary
CERTIFICATIONS,education
WORK EXPERIENCE,experience
TECHNICAL SKILLS,education
TECHNICAL SKILLS,summary
WORK EXPERIENCE,summary
PROFESSIONAL SUMMARY,education
WORK EXPERIENCE,skills
WORK EXPERIENCE,education
CERTIFICATIONS,education
TECHNICAL SKILLS,summary
PROFESSIONAL SUMMARY,summary
TECHNICAL SKILLS,education
PROFESSIONAL SUMMARY,certifications
EDUCATION,summary
TECHNICAL SKILLS,summary
EDUCATION,skills
PROFESSIONAL SUMMARY,skills
CERTIFICATIONS,summary
CERTIFICATIONS,experience
CERTIFICATIONS,summary
WORK EXPERIENCE,skills
TECHNICAL SKILLS,summary
WORK EXPERIENCE,skills
PROFESSIONAL SUMMARY,skills
TECHNICAL SKILLS,education
EDUCATION,summary
EDUCATION,certifications
TECHNICAL SKILLS,certifications
WORK EXPERIENCE,certifications
TECHNICAL SKILLS,skills
CERTIFICATIONS,education
WORK EXPERIENCE,summary
WORK EXPERIENCE,certifications
TECHNICAL SKILLS,certifications
CERTIFICATIONS,summary
WORK EXPERIENCE,education
CERTIFICATIONS,education
PROFESSIONAL SUMMARY,certifications
PROFESSIONAL SUMMARY,experience
CERTIFICATIONS,skills
CERTIFICATIONS,certifications
CERTIFICATIONS,experience
EDUCATION,certifications
EDUCATION,summary
TECHNICAL SKILLS,education
CERTIFICATIONS,skills
CERTIFICATIONS,experience
WORK EXPERIENCE,skills
PROFESSIONAL SUMMARY,certifications
PROFESSIONAL SUMMARY,experience
EDUCATION,certifications
PROFESSIONAL SUMMARY,experience
PROFESSIONAL SUMMARY,summary
WORK EXPERIENCE,certifications
CERTIFICATIONS,experience
EDUCATION,summary
WORK EXPERIENCE,skills
PROFESSIONAL SUMMARY,summary
PROFESSIONAL SUMMARY,certifications
PROFESSIONAL SUMMARY,certifications
TECHNICAL SKILLS,experience
CERTIFICATIONS,summary
TECHNICAL SKILLS,experience
TECHNICAL SKILLS,skills
WORK EXPERIENCE,experience
PROFESSIONAL SUMMARY,education
WORK EXPERIENCE,certifications
PROFESSIONAL SUMMARY,experience
PROFESSIONAL SUMMARY,summary
PROFESSIONAL SUMMARY,education
WORK EXPERIENCE,experience
PROFESSIONAL SUMMARY,education
CERTIFICATIONS,summary
EDUCATION,education
WORK EXPERIENCE,education
CERTIFICATIONS,experience
TECHNICAL SKILLS,skills
WORK EXPERIENCE,summary
PROFESSIONAL SUMMARY,education
CERTIFICATIONS,summary
PROFESSIONAL SUMMARY,education
TECHNICAL SKILLS,skills
EDUCATION,summary
PROFESSIONAL SUMMARY,education
TECHNICAL SKILLS,education
WORK EXPERIENCE,education
CERTIFICATIONS,skills
WORK EXPERIENCE,certifications
EDUCATION,summary
WORK EXPERIENCE,education
WORK EXPERIENCE,skills
TECHNICAL SKILLS,certifications
CERTIFICATIONS,experience
PROFESSIONAL SUMMARY,certifications
TECHNICAL SKILLS,skills
CERTIFICATIONS,certifications
EDUCATION,skills
WORK EXPERIENCE,skills
PROFESSIONAL SUMMARY,skills
PROFESSIONAL SUMMARY,certifications
PROFESSIONAL SUMMARY,education
WORK EXPERIENCE,education
WORK EXPERIENCE,skills
WORK EXPERIENCE,experience
CERTIFICATIONS,experience
WORK EXPERIENCE,summary
PROFESSIONAL SUMMARY,summary
CERTIFICATIONS,education
TECHNICAL SKILLS,skills
TECHNICAL SKILLS,experience
PROFESSIONAL SUMMARY,summary
WORK EXPERIENCE,summary
EDUCATION,certifications
EDUCATION,certifications
CERTIFICATIONS,certifications
WORK EXPERIENCE,summary
PROFESSIONAL SUMMARY,experience
CERTIFICATIONS,certifications
TECHNICAL SKILLS,summary
EDUCATION,experience
CERTIFICATIONS,experience
PROFESSIONAL SUMMARY,experience
EDUCATION,experience
WORK EXPERIENCE,skills
EDUCATION,experience
CERTIFICATIONS,certifications
TECHNICAL SKILLS,skills
PROFESSIONAL SUMMARY,skills
PROFESSIONAL SUMMARY,experience
PROFESSIONAL SUMMARY,summary
EDUCATION,experience
EDUCATION,experience
EDUCATION,summary
TECHNICAL SKILLS,experience
WORK EXPERIENCE,skills
EDUCATION,certifications
EDUCATION,education
CERTIFICATIONS,certifications
TECHNICAL SKILLS,summary
EDUCATION,certifications
CERTIFICATIONS,certifications
WORK EXPERIENCE,experience
TECHNICAL SKILLS,certifications
WORK EXPERIENCE,summary
EDUCATION,education
PROFESSIONAL SUMMARY,experience
WORK EXPERIENCE,experience
EDUCATION,summary
PROFESSIONAL SUMMARY,skills
EDUCATION,experience
TECHNICAL SKILLS,skills
PROFESSIONAL SUMMARY,certifications
CERTIFICATIONS,education
EDUCATION,experience
WORK EXPERIENCE,skills
CERTIFICATIONS,experience
WORK EXPERIENCE,education
PROFESSIONAL SUMMARY,education
EDUCATION,education
TECHNICAL SKILLS,skills
EDUCATION,summary
PROFESSIONAL SUMMARY,summary
WORK EXPERIENCE,certifications
TECHNICAL SKILLS,certifications
EDUCATION,certifications
EDUCATION,education
WORK EXPERIENCE,certifications
EDUCATION,experience
WORK EXPERIENCE,education
PROFESSIONAL SUMMARY,education
PROFESSIONAL SUMMARY,experience
WORK EXPERIENCE,education
TECHNICAL SKILLS,summary
TECHNICAL SKILLS,education
WORK EXPERIENCE,education
CERTIFICATIONS,education
EDUCATION,education
EDUCATION,skills
PROFESSIONAL SUMMARY,skills
EDUCATION,education
WORK EXPERIENCE,experience
PROFESSIONAL SUMMARY,certifications
WORK EXPERIENCE,education
EDUCATION,skills
CERTIFICATIONS,education
PROFESSIONAL SUMMARY,certifications
EDUCATION,certifications
WORK EXPERIENCE,experience
WORK EXPERIENCE,experience
CERTIFICATIONS,education
CERTIFICATIONS,experience
EDUCATION,skills
PROFESSIONAL SUMMARY,skills
WORK EXPERIENCE,certifications
TECHNICAL SKILLS,education
CERTIFICATIONS,summary
PROFESSIONAL SUMMARY,summary
WORK EXPERIENCE,education
CERTIFICATIONS,experience
CERTIFICATIONS,experience
EDUCATION,education
WORK EXPERIENCE,certifications
PROFESSIONAL SUMMARY,skills
PROFESSIONAL SUMMARY,experience
WORK EXPERIENCE,education
TECHNICAL SKILLS,skills
TECHNICAL SKILLS,certifications
PROFESSIONAL SUMMARY,experience
PROFESSIONAL SUMMARY,education
TECHNICAL SKILLS,skills
EDUCATION,education
TECHNICAL SKILLS,education
WORK EXPERIENCE,certifications
PROFESSIONAL SUMMARY,summary
EDUCATION,skills
TECHNICAL SKILLS,education
WORK EXPERIENCE,education
PROFESSIONAL SUMMARY,education
CERTIFICATIONS,skills
CERTIFICATIONS,education
EDUCATION,summary
TECHNICAL SKILLS,skills
EDUCATION,summary
TECHNICAL SKILLS,certifications
PROFESSIONAL SUMMARY,education
TECHNICAL SKILLS,skills
PROFESSIONAL SUMMARY,summary
CERTIFICATIONS,education
PROFESSIONAL SUMMARY,experience
WORK EXPERIENCE,skills
TECHNICAL SKILLS,certifications
CERTIFICATIONS,skills
PROFESSIONAL SUMMARY,education
TECHNICAL SKILLS,skills
EDUCATION,skills
CERTIFICATIONS,summary
TECHNICAL SKILLS,experience
EDUCATION,experience
EDUCATION,skills
CERTIFICATIONS,skills
WORK EXPERIENCE,education
PROFESSIONAL SUMMARY,education
WORK EXPERIENCE,certifications
PROFESSIONAL SUMMARY,summary
TECHNICAL SKILLS,summary
TECHNICAL SKILLS,summary
EDUCATION,experience
PROFESSIONAL SUMMARY,certifications
PROFESSIONAL SUMMARY,skills
CERTIFICATIONS,education
PROFESSIONAL SUMMARY,skills
EDUCATION,certifications
PROFESSIONAL SUMMARY,certifications
WORK EXPERIENCE,skills
PROFESSIONAL SUMMARY,education
PROFESSIONAL SUMMARY,education
EDUCATION,experience
EDUCATION,skills
PROFESSIONAL SUMMARY,skills
TECHNICAL SKILLS,skills
WORK EXPERIENCE,certifications
EDUCATION,certifications
WORK EXPERIENCE,experience
EDUCATION,skills
EDUCATION,experience
TECHNICAL SKILLS,experience
PROFESSIONAL SUMMARY,skills
CERTIFICATIONS,experience
WORK EXPERIENCE,summary
TECHNICAL SKILLS,skills
EDUCATION,experience
WORK EXPERIENCE,summary
CERTIFICATIONS,experience
CERTIFICATIONS,experience
CERTIFICATIONS,education
TECHNICAL SKILLS,experience
TECHNICAL SKILLS,skills
WORK EXPERIENCE,skills
EDUCATION,experience
PROFESSIONAL SUMMARY,summary
WORK EXPERIENCE,education
TECHNICAL SKILLS,education
TECHNICAL SKILLS,summary
TECHNICAL SKILLS,skills
EDUCATION,summary
CERTIFICATIONS,skills
TECHNICAL SKILLS,education
CERTIFICATIONS,certifications
WORK EXPERIENCE,experience
WORK EXPERIENCE,education
PROFESSIONAL SUMMARY,experience
TECHNICAL SKILLS,certifications
EDUCATION,experience
EDUCATION,summary
TECHNICAL SKILLS,summary
WORK EXPERIENCE,summary
EDUCATION,education
TECHNICAL SKILLS,summary
EDUCATION,certifications
EDUCATION,education
WORK EXPERIENCE,certifications
TECHNICAL SKILLS,education
EDUCATION,summary
EDUCATION,skills
WORK EXPERIENCE,summary
EDUCATION,summary
CERTIFICATIONS,education
WORK EXPERIENCE,certifications
CERTIFICATIONS,skills
WORK EXPERIENCE,skills
EDUCATION,certifications
PROFESSIONAL SUMMARY,education
TECHNICAL SKILLS,education
WORK EXPERIENCE,certifications
EDUCATION,experience
PROFESSIONAL SUMMARY,certifications
WORK EXPERIENCE,experience
WORK EXPERIENCE,summary
WORK EXPERIENCE,certifications
WORK EXPERIENCE,summary
CERTIFICATIONS,certifications
WORK EXPERIENCE,experience
EDUCATION,experience
CERTIFICATIONS,skills
EDUCATION,summary
EDUCATION,summary
CERTIFICATIONS,skills
EDUCATION,certifications
PROFESSIONAL SUMMARY,education
PROFESSIONAL SUMMARY,summary
CERTIFICATIONS,skills
PROFESSIONAL SUMMARY,experience
TECHNICAL SKILLS,experience
CERTIFICATIONS,experience
WORK EXPERIENCE,skills
PROFESSIONAL SUMMARY,skills
WORK EXPERIENCE,skills
TECHNICAL SKILLS,skills
EDUCATION,summary
EDUCATION,certifications
PROFESSIONAL SUMMARY,experience
WORK EXPERIENCE,summary
WORK EXPERIENCE,certifications
PROFESSIONAL SUMMARY,education
TECHNICAL SKILLS,experience
EDUCATION,summary
WORK EXPERIENCE,experience
PROFESSIONAL SUMMARY,certifications
WORK EXPERIENCE,education
TECHNICAL SKILLS,skills
WORK EXPERIENCE,skills
CERTIFICATIONS,certifications
TECHNICAL SKILLS,experience
CERTIFICATIONS,skills
EDUCATION,skills
CERTIFICATIONS,skills
WORK EXPERIENCE,skills
PROFESSIONAL SUMMARY,skills
WORK EXPERIENCE,summary
PROFESSIONAL SUMMARY,experience
CERTIFICATIONS,certifications
TECHNICAL SKILLS,education
TECHNICAL SKILLS,summary
CERTIFICATIONS,summary
CERTIFICATIONS,experience
CERTIFICATIONS,summary
TECHNICAL SKILLS,experience
WORK EXPERIENCE,experience
PROFESSIONAL SUMMARY,summary
EDUCATION,summary
EDUCATION,certifications
PROFESSIONAL SUMMARY,summary
EDUCATION,skills
CERTIFICATIONS,education
EDUCATION,experience
TECHNICAL SKILLS,certifications
CERTIFICATIONS,summary
CERTIFICATIONS,education
EDUCATION,skills
PROFESSIONAL SUMMARY,skills
CERTIFICATIONS,skills
CERTIFICATIONS,skills
CERTIFICATIONS,education
EDUCATION,experience
EDUCATION,summary
WORK EXPERIENCE,summary
PROFESSIONAL SUMMARY,education
WORK EXPERIENCE,experience
WORK EXPERIENCE,summary
TECHNICAL SKILLS,summary
PROFESSIONAL SUMMARY,education
PROFESSIONAL SUMMARY,summary
TECHNICAL SKILLS,certifications
PROFESSIONAL SUMMARY,experience
EDUCATION,skills
WORK EXPERIENCE,certifications
TECHNICAL SKILLS,skills
EDUCATION,skills
WORK EXPERIENCE,certifications
WORK EXPERIENCE,experience
CERTIFICATIONS,skills
PROFESSIONAL SUMMARY,skills
WORK EXPERIENCE,education
CERTIFICATIONS,education
PROFESSIONAL SUMMARY,experience
TECHNICAL SKILLS,summary
EDUCATION,education
TECHNICAL SKILLS,experience
EDUCATION,skills
CERTIFICATIONS,skills
EDUCATION,skills
PROFESSIONAL SUMMARY,education
WORK EXPERIENCE,skills
CERTIFICATIONS,education
EDUCATION,education
TECHNICAL SKILLS,summary
CERTIFICATIONS,summary
EDUCATION,skills
CERTIFICATIONS,experience
WORK EXPERIENCE,certifications
TECHNICAL SKILLS,certifications
CERTIFICATIONS,summary
PROFESSIONAL SUMMARY,certifications
PROFESSIONAL SUMMARY,summary
PROFESSIONAL SUMMARY,skills
EDUCATION,skills
WORK EXPERIENCE,summary
WORK EXPERIENCE,skills
PROFESSIONAL SUMMARY,experience
EDUCATION,experience
CERTIFICATIONS,skills
WORK EXPERIENCE,skills
WORK EXPERIENCE,certifications
TECHNICAL SKILLS,skills
PROFESSIONAL SUMMARY,education
TECHNICAL SKILLS,certifications
CERTIFICATIONS,summary
PROFESSIONAL SUMMARY,summary
EDUCATION,education
PROFESSIONAL SUMMARY,experience
PROFESSIONAL SUMMARY,summary
CERTIFICATIONS,skills
WORK EXPERIENCE,experience
TECHNICAL SKILLS,certifications
CERTIFICATIONS,education
CERTIFICATIONS,summary
PROFESSIONAL SUMMARY,education
WORK EXPERIENCE,experience
WORK EXPERIENCE,certifications
WORK EXPERIENCE,education
EDUCATION,certifications
PROFESSIONAL SUMMARY,certifications
EDUCATION,summary
CERTIFICATIONS,skills
CERTIFICATIONS,education
WORK EXPERIENCE,education
TECHNICAL SKILLS,education
PROFESSIONAL SUMMARY,skills
EDUCATION,skills
TECHNICAL SKILLS,summary
WORK EXPERIENCE,experience
PROFESSIONAL SUMMARY,experience
WORK EXPERIENCE,summary
WORK EXPERIENCE,education
PROFESSIONAL SUMMARY,experience
PROFESSIONAL SUMMARY,education
PROFESSIONAL SUMMARY,certifications
CERTIFICATIONS,education
PROFESSIONAL SUMMARY,certifications
PROFESSIONAL SUMMARY,education
EDUCATION,skills
PROFESSIONAL SUMMARY,experience
EDUCATION,skills
WORK EXPERIENCE,experience
EDUCATION,education
PROFESSIONAL SUMMARY,summary
EDUCATION,skills
TECHNICAL SKILLS,skills
CERTIFICATIONS,summary
EDUCATION,education
EDUCATION,education
WORK EXPERIENCE,certifications
EDUCATION,experience
EDUCATION,experience
PROFESSIONAL SUMMARY,education
EDUCATION,experience
EDUCATION,skills
EDUCATION,certifications
CERTIFICATIONS,skills
WORK EXPERIENCE,experience
TECHNICAL SKILLS,summary
WORK EXPERIENCE,certifications
CERTIFICATIONS,skills
CERTIFICATIONS,certifications
PROFESSIONAL SUMMARY,experience
TECHNICAL SKILLS,experience
CERTIFICATIONS,certifications
CERTIFICATIONS,experience
PROFESSIONAL SUMMARY,experience
WORK EXPERIENCE,experience
PROFESSIONAL SUMMARY,education
PROFESSIONAL SUMMARY,experience
CERTIFICATIONS,summary
EDUCATION,summary
WORK EXPERIENCE,skills
TECHNICAL SKILLS,summary
WORK EXPERIENCE,skills
PROFESSIONAL SUMMARY,education
TECHNICAL SKILLS,education
CERTIFICATIONS,skills
WORK EXPERIENCE,education
WORK EXPERIENCE,skills
TECHNICAL SKILLS,certifications
TECHNICAL SKILLS,experience
PROFESSIONAL SUMMARY,education
CERTIFICATIONS,certifications
PROFESSIONAL SUMMARY,summary
PROFESSIONAL SUMMARY,certifications
PROFESSIONAL SUMMARY,summary
CERTIFICATIONS,summary
PROFESSIONAL SUMMARY,experience
WORK EXPERIENCE,education
EDUCATION,skills
PROFESSIONAL SUMMARY,certifications
CERTIFICATIONS,summary
PROFESSIONAL SUMMARY,summary
WORK EXPERIENCE,education
EDUCATION,summary
CERTIFICATIONS,experience
PROFESSIONAL SUMMARY,certifications
CERTIFICATIONS,education
EDUCATION,summary
CERTIFICATIONS,certifications
WORK EXPERIENCE,certifications
PROFESSIONAL SUMMARY,certifications
PROFESSIONAL SUMMARY,skills
EDUCATION,summary
EDUCATION,experience
EDUCATION,certifications
CERTIFICATIONS,skills
PROFESSIONAL SUMMARY,education
PROFESSIONAL SUMMARY,education
WORK EXPERIENCE,summary
WORK EXPERIENCE,summary
PROFESSIONAL SUMMARY,summary
TECHNICAL SKILLS,education
CERTIFICATIONS,education
PROFESSIONAL SUMMARY,certifications
EDUCATION,summary
TECHNICAL SKILLS,experience
CERTIFICATIONS,certifications
EDUCATION,summary
PROFESSIONAL SUMMARY,experience
TECHNICAL SKILLS,certifications
CERTIFICATIONS,education
WORK EXPERIENCE,summary
EDUCATION,experience
PROFESSIONAL SUMMARY,certifications
WORK EXPERIENCE,summary
PROFESSIONAL SUMMARY,experience
CERTIFICATIONS,summary
PROFESSIONAL SUMMARY,education
EDUCATION,certifications
PROFESSIONAL SUMMARY,certifications
TECHNICAL SKILLS,skills
WORK EXPERIENCE,summary
TECHNICAL SKILLS,skills
CERTIFICATIONS,skills
WORK EXPERIENCE,skills
TECHNICAL SKILLS,education
WORK EXPERIENCE,certifications
CERTIFICATIONS,certifications
CERTIFICATIONS,skills
CERTIFICATIONS,experience
WORK EXPERIENCE,education
CERTIFICATIONS,certifications
CERTIFICATIONS,skills
PROFESSIONAL SUMMARY,summary
CERTIFICATIONS,skills
EDUCATION,experience
PROFESSIONAL SUMMARY,education
EDUCATION,education
CERTIFICATIONS,education
CERTIFICATIONS,certifications
CERTIFICATIONS,summary
CERTIFICATIONS,summary
PROFESSIONAL SUMMARY,skills
WORK EXPERIENCE,certifications
TECHNICAL SKILLS,skills
WORK EXPERIENCE,education
WORK EXPERIENCE,education
TECHNICAL SKILLS,certifications
PROFESSIONAL SUMMARY,experience
WORK EXPERIENCE,education
PROFESSIONAL SUMMARY,experience
CERTIFICATIONS,education
CERTIFICATIONS,summary
PROFESSIONAL SUMMARY,education
PROFESSIONAL SUMMARY,skills
EDUCATION,education
TECHNICAL SKILLS,education
EDUCATION,summary
TECHNICAL SKILLS,skills
EDUCATION,education
TECHNICAL SKILLS,summary
WORK EXPERIENCE,skills
EDUCATION,skills
TECHNICAL SKILLS,skills
EDUCATION,summary
WORK EXPERIENCE,skills
CERTIFICATIONS,education
PROFESSIONAL SUMMARY,experience
CERTIFICATIONS,skills
WORK EXPERIENCE,summary
WORK EXPERIENCE,experience
TECHNICAL SKILLS,skills
PROFESSIONAL SUMMARY,summary
EDUCATION,summary
TECHNICAL SKILLS,skills
CERTIFICATIONS,experience
WORK EXPERIENCE,experience
EDUCATION,experience
PROFESSIONAL SUMMARY,experience
WORK EXPERIENCE,skills
PROFESSIONAL SUMMARY,summary
TECHNICAL SKILLS,summary
TECHNICAL SKILLS,education
TECHNICAL SKILLS,summary
EDUCATION,experience
CERTIFICATIONS,education
PROFESSIONAL SUMMARY,experience
EDUCATION,experience
PROFESSIONAL SUMMARY,summary
TECHNICAL SKILLS,certifications
PROFESSIONAL SUMMARY,summary
TECHNICAL SKILLS,certifications
EDUCATION,skills
CERTIFICATIONS,summary
EDUCATION,certifications
EDUCATION,experience
EDUCATION,experience
TECHNICAL SKILLS,education
CERTIFICATIONS,experience
WORK EXPERIENCE,certifications
TECHNICAL SKILLS,education
CERTIFICATIONS,experience
WORK EXPERIENCE,summary
EDUCATION,education
TECHNICAL SKILLS,education
WORK EXPERIENCE,certifications
TECHNICAL SKILLS,skills
WORK EXPERIENCE,education
PROFESSIONAL SUMMARY,skills
WORK EXPERIENCE,certifications
TECHNICAL SKILLS,skills
EDUCATION,skills
PROFESSIONAL SUMMARY,certifications
WORK EXPERIENCE,certifications
EDUCATION,experience
TECHNICAL SKILLS,experience
CERTIFICATIONS,summary
TECHNICAL SKILLS,certifications
EDUCATION,certifications
WORK EXPERIENCE,certifications
PROFESSIONAL SUMMARY,certifications
EDUCATION,certifications
WORK EXPERIENCE,skills
TECHNICAL SKILLS,skills
TECHNICAL SKILLS,experience
TECHNICAL SKILLS,experience
PROFESSIONAL SUMMARY,certifications
WORK EXPERIENCE,experience
CERTIFICATIONS,certifications
CERTIFICATIONS,experience
PROFESSIONAL SUMMARY,experience
EDUCATION,skills
TECHNICAL SKILLS,education
TECHNICAL SKILLS,skills
EDUCATION,skills
EDUCATION,skills
TECHNICAL SKILLS,education
PROFESSIONAL SUMMARY,summary
EDUCATION,experience
TECHNICAL SKILLS,skills
TECHNICAL SKILLS,skills
PROFESSIONAL SUMMARY,experience
CERTIFICATIONS,education
WORK EXPERIENCE,experience
TECHNICAL SKILLS,experience
TECHNICAL SKILLS,education
TECHNICAL SKILLS,certifications
CERTIFICATIONS,skills
PROFESSIONAL SUMMARY,summary
CERTIFICATIONS,experience
CERTIFICATIONS,experience
WORK EXPERIENCE,skills
EDUCATION,experience
WORK EXPERIENCE,summary
CERTIFICATIONS,experience
WORK EXPERIENCE,skills
EDUCATION,certifications
EDUCATION,experience
CERTIFICATIONS,experience
TECHNICAL SKILLS,experience
EDUCATION,education
CERTIFICATIONS,education
WORK EXPERIENCE,summary
WORK EXPERIENCE,education
TECHNICAL SKILLS,summary
CERTIFICATIONS,skills
EDUCATION,education
TECHNICAL SKILLS,education
PROFESSIONAL SUMMARY,certifications
PROFESSIONAL SUMMARY,skills
PROFESSIONAL SUMMARY,summary
CERTIFICATIONS,education
EDUCATION,skills
WORK EXPERIENCE,experience
CERTIFICATIONS,education
PROFESSIONAL SUMMARY,certifications
WORK EXPERIENCE,certifications
TECHNICAL SKILLS,experience
EDUCATION,education
EDUCATION,education
CERTIFICATIONS,skills
EDUCATION,experience
EDUCATION,certifications
TECHNICAL SKILLS,skills
EDUCATION,education
WORK EXPERIENCE,experience
WORK EXPERIENCE,experience
CERTIFICATIONS,certifications
EDUCATION,experience
CERTIFICATIONS,certifications
EDUCATION,skills
EDUCATION,summary
TECHNICAL SKILLS,skills
EDUCATION,certifications
EDUCATION,experience
EDUCATION,summary
WORK EXPERIENCE,skills
PROFESSIONAL SUMMARY,experience
WORK EXPERIENCE,summary
TECHNICAL SKILLS,summary
TECHNICAL SKILLS,certifications
CERTIFICATIONS,skills
PROFESSIONAL SUMMARY,education
WORK EXPERIENCE,summary
EDUCATION,skills
PROFESSIONAL SUMMARY,certifications
CERTIFICATIONS,summary
TECHNICAL SKILLS,summary
CERTIFICATIONS,education
CERTIFICATIONS,summary
TECHNICAL SKILLS,skills
PROFESSIONAL SUMMARY,certifications
EDUCATION,education
WORK EXPERIENCE,skills
CERTIFICATIONS,experience
PROFESSIONAL SUMMARY,certifications
TECHNICAL SKILLS,summary
WORK EXPERIENCE,summary
WORK EXPERIENCE,summary
CERTIFICATIONS,certifications
WORK EXPERIENCE,education
PROFESSIONAL SUMMARY,summary
PROFESSIONAL SUMMARY,experience
EDUCATION,skills
TECHNICAL SKILLS,education
TECHNICAL SKILLS,summary
CERTIFICATIONS,summary
WORK EXPERIENCE,certifications
CERTIFICATIONS,experience
PROFESSIONAL SUMMARY,skills
WORK EXPERIENCE,experience
TECHNICAL SKILLS,summary
TECHNICAL SKILLS,certifications
CERTIFICATIONS,certifications
CERTIFICATIONS,summary
EDUCATION,certifications
PROFESSIONAL SUMMARY,experience
EDUCATION,experience
WORK EXPERIENCE,summary
WORK EXPERIENCE,education
PROFESSIONAL SUMMARY,summary
PROFESSIONAL SUMMARY,certifications
TECHNICAL SKILLS,skills
PROFESSIONAL SUMMARY,summary
WORK EXPERIENCE,summary
PROFESSIONAL SUMMARY,experience
EDUCATION,summary
EDUCATION,summary
EDUCATION,experience
WORK EXPERIENCE,education
PROFESSIONAL SUMMARY,summary
TECHNICAL SKILLS,education
CERTIFICATIONS,skills
CERTIFICATIONS,summary
TECHNICAL SKILLS,education
CERTIFICATIONS,experience
CERTIFICATIONS,skills
CERTIFICATIONS,education
TECHNICAL SKILLS,skills
PROFESSIONAL SUMMARY,education
TECHNICAL SKILLS,education
TECHNICAL SKILLS,education
WORK EXPERIENCE,skills
PROFESSIONAL SUMMARY,education
CERTIFICATIONS,certifications
WORK EXPERIENCE,certifications
TECHNICAL SKILLS,education
PROFESSIONAL SUMMARY,certifications
CERTIFICATIONS,certifications
TECHNICAL SKILLS,summary
EDUCATION,education
CERTIFICATIONS,summary
EDUCATION,skills
PROFESSIONAL SUMMARY,experience
CERTIFICATIONS,education
WORK EXPERIENCE,experience
EDUCATION,education
PROFESSIONAL SUMMARY,certifications
EDUCATION,education
EDUCATION,skills
TECHNICAL SKILLS,education
TECHNICAL SKILLS,education
CERTIFICATIONS,certifications
PROFESSIONAL SUMMARY,summary
PROFESSIONAL SUMMARY,summary
TECHNICAL SKILLS,summary
TECHNICAL SKILLS,skills
WORK EXPERIENCE,experience
EDUCATION,summary
EDUCATION,skills
WORK EXPERIENCE,certifications
PROFESSIONAL SUMMARY,certifications
PROFESSIONAL SUMMARY,skills
CERTIFICATIONS,certifications
CERTIFICATIONS,education
WORK EXPERIENCE,experience
PROFESSIONAL SUMMARY,skills
PROFESSIONAL SUMMARY,certifications
WORK EXPERIENCE,education
PROFESSIONAL SUMMARY,summary
CERTIFICATIONS,skills
EDUCATION,summary
EDUCATION,experience
WORK EXPERIENCE,skills
WORK EXPERIENCE,education
CERTIFICATIONS,skills
CERTIFICATIONS,certifications
PROFESSIONAL SUMMARY,skills
PROFESSIONAL SUMMARY,certifications
EDUCATION,summary
TECHNICAL SKILLS,education
EDUCATION,experience
PROFESSIONAL SUMMARY,experience
PROFESSIONAL SUMMARY,certifications
WORK EXPERIENCE,certifications
EDUCATION,certifications
EDUCATION,summary
WORK EXPERIENCE,education
WORK EXPERIENCE,experience
EDUCATION,experience
CERTIFICATIONS,certifications
WORK EXPERIENCE,skills
TECHNICAL SKILLS,certifications
EDUCATION,education
WORK EXPERIENCE,education
TECHNICAL SKILLS,summary
CERTIFICATIONS,education
TECHNICAL SKILLS,skills
CERTIFICATIONS,skills
CERTIFICATIONS,skills
PROFESSIONAL SUMMARY,summary
CERTIFICATIONS,education
PROFESSIONAL SUMMARY,summary
CERTIFICATIONS,education
EDUCATION,education
TECHNICAL SKILLS,education
WORK EXPERIENCE,summary
TECHNICAL SKILLS,summary
CERTIFICATIONS,experience
EDUCATION,summary
EDUCATION,experience
TECHNICAL SKILLS,skills
